y,x1,x2,x3,x4,x5
0.197872903923902,800,0.0,0.3048,71.3,0.00266337
0.052917145890549,1000,0.0,0.3048,71.3,0.00266337
0.161633964415563,1250,0.0,0.3048,71.3,0.00266337
0.399361407590262,1600,0.0,0.3048,71.3,0.00266337
0.380517159045927,2000,0.0,0.3048,71.3,0.00266337
0.10655077636289,2500,0.0,0.3048,71.3,0.00266337
0.052917145890549,3150,0.0,0.3048,71.3,0.00266337
-0.257288176300824,4000,0.0,0.3048,71.3,0.00266337
-0.512410310439525,5000,0.0,0.3048,71.3,0.00266337
-0.767532444578226,6300,0.0,0.3048,71.3,0.00266337
-1.11397670627794,8000,0.0,0.3048,71.3,0.00266337
-1.36909884041664,10000,0.0,0.3048,71.3,0.00266337
-1.8257094782217,12500,0.0,0.3048,71.3,0.00266337
-2.3359537464991,16000,0.0,0.3048,71.3,0.00266337
0.229038391901073,500,0.0,0.3048,55.5,0.00283081
0.414581762183764,630,0.0,0.3048,55.5,0.00283081
0.471114507816774,800,0.0,0.3048,55.5,0.00283081
0.308764058819416,1000,0.0,0.3048,55.5,0.00283081
0.181202991750067,1250,0.0,0.3048,55.5,0.00283081
0.311663173980085,1600,0.0,0.3048,55.5,0.00283081
0.258029543507744,2000,0.0,0.3048,55.5,0.00283081
-0.105809409155972,2500,0.0,0.3048,55.5,0.00283081
-0.231920918644987,3150,0.0,0.3048,55.5,0.00283081
-0.54067668325603,4000,0.0,0.3048,55.5,0.00283081
-0.758110320306059,5000,0.0,0.3048,55.5,0.00283081
-0.994388205900423,6300,0.0,0.3048,55.5,0.00283081
-1.21182184295045,8000,0.0,0.3048,55.5,0.00283081
-1.70467142026385,10000,0.0,0.3048,55.5,0.00283081
-1.99458293633056,12500,0.0,0.3048,55.5,0.00283081
-0.972209974921319,200,0.0,0.3048,39.6,0.00310138
-0.79971262286163,250,0.0,0.3048,39.6,0.00310138
-0.298165700066231,315,0.0,0.3048,39.6,0.00310138
-0.0039055112585246,400,0.0,0.3048,39.6,0.00310138
0.307749368513184,500,0.0,0.3048,39.6,0.00310138
0.549825484428881,630,0.0,0.3048,39.6,0.00310138
0.617954690704557,800,0.0,0.3048,39.6,0.00310138
0.444007781064535,1000,0.0,0.3048,39.6,0.00310138
0.0961139617844883,1250,0.0,0.3048,39.6,0.00310138
-0.114071887363871,1600,0.0,0.3048,39.6,0.00310138
-0.16625596025588,2000,0.0,0.3048,39.6,0.00310138
-0.498204646152257,2500,0.0,0.3048,39.6,0.00310138
-0.654756864828277,3150,0.0,0.3048,39.6,0.00310138
-0.812758641084632,4000,0.0,0.3048,39.6,0.00310138
-1.02149493265266,5000,0.0,0.3048,39.6,0.00310138
-1.24762591518469,6300,0.0,0.3048,39.6,0.00310138
-1.45781176433305,8000,0.0,0.3048,39.6,0.00310138
-1.8404949655411,10000,0.0,0.3048,39.6,0.00310138
-2.20578347578515,12500,0.0,0.3048,39.6,0.00310138
-1.10759865292447,200,0.0,0.3048,31.7,0.00331266
-0.904660591677777,250,0.0,0.3048,31.7,0.00331266
-0.300195080678697,315,0.0,0.3048,31.7,0.00331266
0.0303040476373472,400,0.0,0.3048,31.7,0.00331266
0.359353618373057,500,0.0,0.3048,31.7,0.00331266
0.617374867672425,630,0.0,0.3048,31.7,0.00331266
0.637668673797096,800,0.0,0.3048,31.7,0.00331266
0.366601406274724,1000,0.0,0.3048,31.7,0.00331266
-0.0697154254056658,1250,0.0,0.3048,31.7,0.00331266
-0.358177383892039,1600,0.0,0.3048,31.7,0.00331266
-0.356727826311705,2000,0.0,0.3048,31.7,0.00331266
-0.591556154325736,2500,0.0,0.3048,31.7,0.00331266
-0.826384482339766,3150,0.0,0.3048,31.7,0.00331266
-0.969890682792787,4000,0.0,0.3048,31.7,0.00331266
-1.33228007787617,5000,0.0,0.3048,31.7,0.00331266
-1.60334734539854,6300,0.0,0.3048,31.7,0.00331266
-2.07590311658727,8000,0.0,0.3048,31.7,0.00331266
-2.40205357216231,10000,0.0,0.3048,31.7,0.00331266
0.33137715707262,800,1.5,0.3048,71.3,0.00336729
0.167577150494933,1000,1.5,0.3048,71.3,0.00336729
0.15018245953093,1250,1.5,0.3048,71.3,0.00336729
0.260348835636278,1600,1.5,0.3048,71.3,0.00336729
0.26179839321661,2000,1.5,0.3048,71.3,0.00336729
-0.0469573713944299,2500,1.5,0.3048,71.3,0.00336729
-0.209307820391785,3150,1.5,0.3048,71.3,0.00336729
-0.44558570598615,4000,1.5,0.3048,71.3,0.00336729
-0.75434147059719,5000,1.5,0.3048,71.3,0.00336729
-0.973224665227553,6300,1.5,0.3048,71.3,0.00336729
-1.37185299981927,8000,1.5,0.3048,71.3,0.00336729
-1.64436982492198,10000,1.5,0.3048,71.3,0.00336729
-2.26333091172439,12500,1.5,0.3048,71.3,0.00336729
-2.64601411293244,16000,1.5,0.3048,71.3,0.00336729
-0.432684643521181,315,1.5,0.3048,39.6,0.00392107
-0.121029763749472,400,1.5,0.3048,39.6,0.00392107
0.264552552619245,500,1.5,0.3048,39.6,0.00392107
0.503729553374278,630,1.5,0.3048,39.6,0.00392107
0.579106547551618,800,1.5,0.3048,39.6,0.00392107
0.39791185000993,1000,1.5,0.3048,39.6,0.00392107
0.0543667034708833,1250,1.5,0.3048,39.6,0.00392107
-0.380500570629175,1600,1.5,0.3048,39.6,0.00392107
-0.396445704012843,2000,1.5,0.3048,39.6,0.00392107
-0.558796153010199,2500,1.5,0.3048,39.6,0.00392107
-0.829863420532567,3150,1.5,0.3048,39.6,0.00392107
-1.02845280903826,4000,1.5,0.3048,39.6,0.00392107
-1.24588644608829,5000,1.5,0.3048,39.6,0.00392107
-1.46187052555798,6300,1.5,0.3048,39.6,0.00392107
-1.82425992064137,8000,1.5,0.3048,39.6,0.00392107
-2.2968156918301,10000,1.5,0.3048,39.6,0.00392107
-2.71428827496615,12500,1.5,0.3048,39.6,0.00392107
0.395447602123361,400,3.0,0.3048,71.3,0.00425727
0.524458226773047,500,3.0,0.3048,71.3,0.00425727
0.654918409003065,630,3.0,0.3048,71.3,0.00425727
0.675212215127733,800,3.0,0.3048,71.3,0.00425727
0.604183893691389,1000,3.0,0.3048,71.3,0.00425727
0.405594505185697,1250,3.0,0.3048,71.3,0.00425727
0.243244056188341,1600,3.0,0.3048,71.3,0.00425727
0.099737855735323,2000,3.0,0.3048,71.3,0.00425727
-0.117695781314706,2500,3.0,0.3048,71.3,0.00425727
-0.481534733978422,3150,3.0,0.3048,71.3,0.00425727
-0.662729431520112,4000,3.0,0.3048,71.3,0.00425727
-0.971485196131153,5000,3.0,0.3048,71.3,0.00425727
-1.26139671219786,6300,3.0,0.3048,71.3,0.00425727
-1.47883034924789,8000,3.0,0.3048,71.3,0.00425727
-2.11808524217497,10000,3.0,0.3048,71.3,0.00425727
0.191784762086503,400,3.0,0.3048,55.5,0.00452492
0.484595393313874,500,3.0,0.3048,55.5,0.00452492
0.686083896980232,630,3.0,0.3048,55.5,0.00452492
0.74116708503291,800,3.0,0.3048,55.5,0.00452492
0.651294515052231,1000,3.0,0.3048,55.5,0.00452492
0.361382998985523,1250,3.0,0.3048,55.5,0.00452492
-0.0575391417308657,1600,3.0,0.3048,55.5,0.00452492
-0.256128530236557,2000,3.0,0.3048,55.5,0.00452492
-0.347450657797571,2500,3.0,0.3048,55.5,0.00452492
-0.673601113372614,3150,3.0,0.3048,55.5,0.00452492
-0.891034750422643,4000,3.0,0.3048,55.5,0.00452492
-1.09107369650867,5000,3.0,0.3048,55.5,0.00452492
-1.32735158210303,6300,3.0,0.3048,55.5,0.00452492
-1.59986840720574,8000,3.0,0.3048,55.5,0.00452492
-1.8361462928001,10000,3.0,0.3048,55.5,0.00452492
-0.220904281034453,315,3.0,0.3048,39.6,0.00495741
0.0922001563175877,400,3.0,0.3048,39.6,0.00495741
0.405304593669631,500,3.0,0.3048,39.6,0.00495741
0.645931152004996,630,3.0,0.3048,39.6,0.00495741
0.683619649093666,800,3.0,0.3048,39.6,0.00495741
0.503874509132312,1000,3.0,0.3048,39.6,0.00495741
0.140035556468596,1250,3.0,0.3048,39.6,0.00495741
-0.297730832792131,1600,3.0,0.3048,39.6,0.00495741
-0.623881288367174,2000,3.0,0.3048,39.6,0.00495741
-0.677514918839513,2500,3.0,0.3048,39.6,0.00495741
-0.857260058800871,3150,3.0,0.3048,39.6,0.00495741
-1.16601582341191,4000,3.0,0.3048,39.6,0.00495741
-1.31097158144526,5000,3.0,0.3048,39.6,0.00495741
-1.56464415800363,6300,3.0,0.3048,39.6,0.00495741
-2.0560441777367,8000,3.0,0.3048,39.6,0.00495741
-0.249025698092924,315,3.0,0.3048,31.7,0.00529514
0.0814734302231199,400,3.0,0.3048,31.7,0.00529514
0.393128309994829,500,3.0,0.3048,31.7,0.00529514
0.559827431733185,630,3.0,0.3048,31.7,0.00529514
0.561276989313517,800,3.0,0.3048,31.7,0.00529514
0.290209721791147,1000,3.0,0.3048,31.7,0.00529514
0.000298205724442,1250,3.0,0.3048,31.7,0.00529514
-0.398330128867278,1600,3.0,0.3048,31.7,0.00529514
-0.688241644933983,2000,3.0,0.3048,31.7,0.00529514
-0.759269966370325,2500,3.0,0.3048,31.7,0.00529514
-0.97525404584002,3150,3.0,0.3048,31.7,0.00529514
-1.3376434409234,4000,3.0,0.3048,31.7,0.00529514
-1.59131601748177,5000,3.0,0.3048,31.7,0.00529514
-2.19143285573985,6300,3.0,0.3048,31.7,0.00529514
0.225994320982372,250,4.0,0.3048,71.3,0.00497773
0.484015570281742,315,4.0,0.3048,71.3,0.00497773
0.686953631528433,400,4.0,0.3048,71.3,0.00497773
0.852203195686457,500,4.0,0.3048,71.3,0.00497773
0.982663377916475,630,4.0,0.3048,71.3,0.00497773
1.00295718404114,800,4.0,0.3048,71.3,0.00497773
0.89568992309646,1000,4.0,0.3048,71.3,0.00497773
0.660861595082432,1250,4.0,0.3048,71.3,0.00497773
0.262233260490711,1600,4.0,0.3048,71.3,0.00497773
-0.0639171950843328,2000,4.0,0.3048,71.3,0.00497773
-0.15378976506501,2500,4.0,0.3048,71.3,0.00497773
-0.443701281131715,3150,4.0,0.3048,71.3,0.00497773
-0.768402179126426,4000,4.0,0.3048,71.3,0.00497773
-1.02207475568479,5000,4.0,0.3048,71.3,0.00497773
-1.25690308369882,6300,4.0,0.3048,71.3,0.00497773
-1.6192924787822,8000,4.0,0.3048,71.3,0.00497773
-2.01937037095426,10000,4.0,0.3048,71.3,0.00497773
-2.52671552407099,12500,4.0,0.3048,71.3,0.00497773
-0.187419500928748,250,4.0,0.3048,39.6,0.00579636
0.290934500581315,315,4.0,0.3048,39.6,0.00579636
0.550405307461017,400,4.0,0.3048,39.6,0.00579636
0.773637174832379,500,4.0,0.3048,39.6,0.00579636
0.904097357062398,630,4.0,0.3048,39.6,0.00579636
0.853362841750725,800,4.0,0.3048,39.6,0.00579636
0.56345132568402,1000,4.0,0.3048,39.6,0.00579636
0.218456621564639,1250,4.0,0.3048,39.6,0.00579636
-0.235254901079756,1600,4.0,0.3048,39.6,0.00579636
-0.561405356654799,2000,4.0,0.3048,39.6,0.00579636
-0.667223060019145,2500,4.0,0.3048,39.6,0.00579636
-0.883207139488842,3150,4.0,0.3048,39.6,0.00579636
-1.3006797226249,4000,4.0,0.3048,39.6,0.00579636
-1.60943548723594,5000,4.0,0.3048,39.6,0.00579636
0.479521941782707,1250,0.0,0.2286,71.3,0.00214345
0.623028142235724,1600,0.0,0.2286,71.3,0.00214345
0.494017517586042,2000,0.0,0.2286,71.3,0.00214345
0.509962650969713,2500,0.0,0.2286,71.3,0.00214345
0.434585656792368,3150,0.0,0.2286,71.3,0.00214345
0.143224583145328,4000,0.0,0.2286,71.3,0.00214345
-0.077108169065367,5000,0.0,0.2286,71.3,0.00214345
-0.404708182220745,6300,0.0,0.2286,71.3,0.00214345
-0.987430329514822,8000,0.0,0.2286,71.3,0.00214345
-0.971485196131153,10000,0.0,0.2286,71.3,0.00214345
-1.04541263272816,12500,0.0,0.2286,71.3,0.00214345
-1.42809583393621,16000,0.0,0.2286,71.3,0.00214345
-1.50202327053322,20000,0.0,0.2286,71.3,0.00214345
-0.767677400336258,315,0.0,0.2286,55.5,0.00229336
-0.460371193305552,400,0.0,0.2286,55.5,0.00229336
-0.153064986274844,500,0.0,0.2286,55.5,0.00229336
0.191929717844535,630,0.0,0.2286,55.5,0.00229336
0.390519106350228,800,0.0,0.2286,55.5,0.00229336
0.500685482455575,1000,0.0,0.2286,55.5,0.00229336
0.445602294402902,1250,0.0,0.2286,55.5,0.00229336
0.283251845405548,1600,0.0,0.2286,55.5,0.00229336
0.24701290589721,2000,0.0,0.2286,55.5,0.00229336
0.24701290589721,2500,0.0,0.2286,55.5,0.00229336
0.046973959811182,3150,0.0,0.2286,55.5,0.00229336
-0.206698616747185,4000,0.0,0.2286,55.5,0.00229336
-0.351654374780538,5000,0.0,0.2286,55.5,0.00229336
-0.931477406913948,6300,0.0,0.2286,55.5,0.00229336
-0.548069426915729,315,0.0,0.2286,39.6,0.00253511
-0.184230474252015,400,0.0,0.2286,39.6,0.00253511
0.197003169375701,500,0.0,0.2286,39.6,0.00253511
0.560842122039419,630,0.0,0.2286,39.6,0.00253511
0.778275759089448,800,0.0,0.2286,39.6,0.00253511
0.811615583437118,1000,0.0,0.2286,39.6,0.00253511
0.660861595082432,1250,0.0,0.2286,39.6,0.00253511
0.32746335160572,1600,0.0,0.2286,39.6,0.00253511
0.0679925447260196,2000,0.0,0.2286,39.6,0.00253511
0.0274049324766807,2500,0.0,0.2286,39.6,0.00253511
-0.0305773707366611,3150,0.0,0.2286,39.6,0.00253511
-0.19872605005535,4000,0.0,0.2286,39.6,0.00253511
-0.385718977918375,5000,0.0,0.2286,39.6,0.00253511
-1.06846059825547,6300,0.0,0.2286,39.6,0.00253511
-0.614749075611072,315,0.0,0.2286,31.7,0.0027238
-0.174083571189679,400,0.0,0.2286,31.7,0.0027238
0.266581933231711,500,0.0,0.2286,31.7,0.0027238
0.671008498144766,630,0.0,0.2286,31.7,0.0027238
0.853652753266789,800,0.0,0.2286,31.7,0.0027238
0.834808504722454,1000,0.0,0.2286,31.7,0.0027238
0.575337697842754,1250,0.0,0.2286,31.7,0.0027238
0.114378387296691,1600,0.0,0.2286,31.7,0.0027238
-0.200175607635684,2000,0.0,0.2286,31.7,0.0027238
-0.201625165216018,2500,0.0,0.2286,31.7,0.0027238
-0.201625165216018,3150,0.0,0.2286,31.7,0.0027238
-0.406012784043045,4000,0.0,0.2286,31.7,0.0027238
-0.627795093834075,5000,0.0,0.2286,31.7,0.0027238
-1.16268184097715,6300,0.0,0.2286,31.7,0.0027238
0.0405959064577149,400,2.0,0.2286,71.3,0.00293031
0.239185294963409,500,2.0,0.2286,71.3,0.00293031
0.365296804452424,630,2.0,0.2286,71.3,0.00293031
0.489958756361109,800,2.0,0.2286,71.3,0.00293031
0.597226017305787,1000,2.0,0.2286,71.3,0.00293031
0.57693221118112,1250,2.0,0.2286,71.3,0.00293031
0.429077337987101,1600,2.0,0.2286,71.3,0.00293031
0.298617155757083,2000,2.0,0.2286,71.3,0.00293031
0.314562289140751,2500,2.0,0.2286,71.3,0.00293031
0.185551664491068,3150,2.0,0.2286,71.3,0.00293031
-0.108708524316638,4000,2.0,0.2286,71.3,0.00293031
-0.292802337018996,5000,2.0,0.2286,71.3,0.00293031
-0.587062525826702,6300,2.0,0.2286,71.3,0.00293031
-1.28140060680646,8000,2.0,0.2286,71.3,0.00293031
-1.70322186268352,10000,2.0,0.2286,71.3,0.00293031
-0.368759154228473,400,2.0,0.2286,55.5,0.00313525
-0.0208653349484275,500,2.0,0.2286,55.5,0.00313525
0.290789544823281,630,2.0,0.2286,55.5,0.00313525
0.529966545578312,800,2.0,0.2286,55.5,0.00313525
0.603893982175325,1000,2.0,0.2286,55.5,0.00313525
0.569104600247319,1250,2.0,0.2286,55.5,0.00313525
0.277743526600279,1600,2.0,0.2286,55.5,0.00313525
-0.0324617955910955,2000,2.0,0.2286,55.5,0.00313525
-0.14117861411611,2500,2.0,0.2286,55.5,0.00313525
-0.158573305080111,3150,2.0,0.2286,55.5,0.00313525
-0.377456499710474,4000,2.0,0.2286,55.5,0.00313525
-0.632578633849175,5000,2.0,0.2286,55.5,0.00313525
-0.887700767987875,6300,2.0,0.2286,55.5,0.00313525
-0.681138812790348,315,2.0,0.2286,39.6,0.00346574
-0.389777739143308,400,2.0,0.2286,39.6,0.00346574
0.0465390925370819,500,2.0,0.2286,39.6,0.00346574
0.37413910569246,630,2.0,0.2286,39.6,0.00346574
0.608967433706491,800,2.0,0.2286,39.6,0.00346574
0.624912567090158,1000,2.0,0.2286,39.6,0.00346574
0.495901942440476,1250,2.0,0.2286,39.6,0.00346574
0.145109007999763,1600,2.0,0.2286,39.6,0.00346574
-0.29555649642163,2000,2.0,0.2286,39.6,0.00346574
-0.498494557668323,2500,2.0,0.2286,39.6,0.00346574
-0.465154733320653,3150,2.0,0.2286,39.6,0.00346574
-0.668092794567345,4000,2.0,0.2286,39.6,0.00346574
-0.87103085581404,5000,2.0,0.2286,39.6,0.00346574
-1.22037423267442,6300,2.0,0.2286,39.6,0.00346574
-0.679689255210013,315,2.0,0.2286,31.7,0.00372371
-0.205683926440951,400,2.0,0.2286,31.7,0.00372371
0.266871844747779,500,2.0,0.2286,31.7,0.00372371
0.611866548867156,630,2.0,0.2286,31.7,0.00372371
0.793061246408847,800,2.0,0.2286,31.7,0.00372371
0.793061246408847,1000,2.0,0.2286,31.7,0.00372371
0.556783360814483,1250,2.0,0.2286,31.7,0.00372371
0.139310777678428,1600,2.0,0.2286,31.7,0.00372371
-0.260767114493624,2000,2.0,0.2286,31.7,0.00372371
-0.49704500008799,2500,2.0,0.2286,31.7,0.00372371
-0.479650309123987,3150,2.0,0.2286,31.7,0.00372371
-0.62460606715734,4000,2.0,0.2286,31.7,0.00372371
-0.952206080312718,5000,2.0,0.2286,31.7,0.00372371
-1.40591760295711,6300,2.0,0.2286,31.7,0.00372371
0.278613261148479,500,4.0,0.2286,71.3,0.00400603
0.609112389464526,630,4.0,0.2286,71.3,0.00400603
0.848289390219554,800,4.0,0.2286,71.3,0.00400603
0.996144263413575,1000,4.0,0.2286,71.3,0.00400603
0.997593820993907,1250,4.0,0.2286,71.3,0.00400603
0.671443365418864,1600,4.0,0.2286,71.3,0.00400603
0.20033715181047,2000,4.0,0.2286,71.3,0.00400603
-0.0721796732922342,2500,4.0,0.2286,71.3,0.00400603
-0.105519497639904,3150,4.0,0.2286,71.3,0.00400603
-0.450514201759284,4000,4.0,0.2286,71.3,0.00400603
-0.538937214159629,5000,4.0,0.2286,71.3,0.00400603
-0.901326609243011,6300,4.0,0.2286,71.3,0.00400603
-1.73772133309545,8000,4.0,0.2286,71.3,0.00400603
-1.70003283600678,10000,4.0,0.2286,71.3,0.00400603
-1.53333371426843,12500,4.0,0.2286,71.3,0.00400603
-1.74931779373812,16000,4.0,0.2286,71.3,0.00400603
-2.20302931638252,20000,4.0,0.2286,71.3,0.00400603
-0.22641259983972,400,4.0,0.2286,55.5,0.0042862
0.359208662615023,500,4.0,0.2286,55.5,0.0042862
0.743341421403408,630,4.0,0.2286,55.5,0.0042862
1.01875736166678,800,4.0,0.2286,55.5,0.0042862
1.05789541633578,1000,4.0,0.2286,55.5,0.0042862
0.931783906846768,1250,4.0,0.2286,55.5,0.0042862
0.49691663274671,1600,4.0,0.2286,55.5,0.0042862
-0.0843559569670343,2000,4.0,0.2286,55.5,0.0042862
-0.355423224489404,2500,4.0,0.2286,55.5,0.0042862
-0.35397366690907,3150,4.0,0.2286,55.5,0.0042862
-0.606196685887105,4000,4.0,0.2286,55.5,0.0042862
-0.696069255867782,5000,4.0,0.2286,55.5,0.0042862
-1.11354183900384,6300,4.0,0.2286,55.5,0.0042862
-1.78468699869826,8000,4.0,0.2286,55.5,0.0042862
-0.377891366984574,315,4.0,0.2286,39.6,0.00473801
-0.138714366229541,400,4.0,0.2286,39.6,0.00473801
0.319345829155852,500,4.0,0.2286,39.6,0.00473801
0.687533454560569,630,4.0,0.2286,39.6,0.00473801
0.816544079210251,800,4.0,0.2286,39.6,0.00473801
0.744066200193574,1000,4.0,0.2286,39.6,0.00473801
0.50778831459921,1250,4.0,0.2286,39.6,0.00473801
0.0700219253384859,1600,4.0,0.2286,39.6,0.00473801
-0.460516149063584,2000,4.0,0.2286,39.6,0.00473801
-0.751877222710624,2500,4.0,0.2286,39.6,0.00473801
-0.640261289024943,3150,4.0,0.2286,39.6,0.00473801
-0.822905544146966,4000,4.0,0.2286,39.6,0.00473801
-1.04178873877733,5000,4.0,0.2286,39.6,0.00473801
-1.53463831609073,6300,4.0,0.2286,39.6,0.00473801
-1.69698876508808,8000,4.0,0.2286,39.6,0.00473801
-0.673601113372614,250,4.0,0.2286,31.7,0.00509068
-0.177852420898548,315,4.0,0.2286,31.7,0.00509068
0.190335204506168,400,4.0,0.2286,31.7,0.00509068
0.594761769419221,500,4.0,0.2286,31.7,0.00509068
0.799149388246248,630,4.0,0.2286,31.7,0.00509068
0.874526382423592,800,4.0,0.2286,31.7,0.00509068
0.72957062439024,1000,4.0,0.2286,31.7,0.00509068
0.475898047831873,1250,4.0,0.2286,31.7,0.00509068
0.0569759071154837,1600,4.0,0.2286,31.7,0.00509068
-0.398185173109244,2000,4.0,0.2286,31.7,0.00509068
-0.670701998211946,2500,4.0,0.2286,31.7,0.00509068
-0.667802883051279,3150,4.0,0.2286,31.7,0.00509068
-0.866392271556973,4000,4.0,0.2286,31.7,0.00509068
-1.28531441227336,5000,4.0,0.2286,31.7,0.00509068
-1.75931974104242,6300,4.0,0.2286,31.7,0.00509068
0.415161585215899,400,5.3,0.2286,71.3,0.0051942
0.731165137728606,500,5.3,0.2286,71.3,0.0051942
1.00948019315265,630,5.3,0.2286,71.3,0.0051942
1.25300586664867,800,5.3,0.2286,71.3,0.0051942
1.32838286082602,1000,5.3,0.2286,71.3,0.0051942
1.23851029084534,1250,5.3,0.2286,71.3,0.0051942
0.815239477387952,1600,5.3,0.2286,71.3,0.0051942
0.15279166317553,2000,5.3,0.2286,71.3,0.0051942
-0.158863216596179,2500,5.3,0.2286,71.3,0.0051942
-0.248735786576856,3150,5.3,0.2286,71.3,0.0051942
-0.653162351489911,4000,5.3,0.2286,71.3,0.0051942
-0.983661479805955,5000,5.3,0.2286,71.3,0.0051942
-1.14746148638364,6300,5.3,0.2286,71.3,0.0051942
-1.44027211761101,8000,5.3,0.2286,71.3,0.0051942
-1.95486505862942,10000,5.3,0.2286,71.3,0.0051942
0.315287067930918,250,5.3,0.2286,39.6,0.00614329
0.703768499460304,315,5.3,0.2286,39.6,0.00614329
0.925550809251333,400,5.3,0.2286,39.6,0.00614329
1.07485524002569,500,5.3,0.2286,39.6,0.00614329
1.04006585809768,630,5.3,0.2286,39.6,0.00614329
0.674777347853635,800,5.3,0.2286,39.6,0.00614329
0.108000333943224,1000,5.3,0.2286,39.6,0.00614329
0.128294140067894,1250,5.3,0.2286,39.6,0.00614329
-0.254389061140157,1600,5.3,0.2286,39.6,0.00614329
-1.00381033017259,2000,5.3,0.2286,39.6,0.00614329
-1.25893246431129,2500,5.3,0.2286,39.6,0.00614329
-0.926983778414913,3150,5.3,0.2286,39.6,0.00614329
-1.30966697962296,4000,5.3,0.2286,39.6,0.00614329
-1.38069530105931,5000,5.3,0.2286,39.6,0.00614329
-1.78222275081169,6300,5.3,0.2286,39.6,0.00614329
2.01808235754871,200,7.3,0.2286,71.3,0.0104404
2.1862310368674,250,7.3,0.2286,71.3,0.0104404
2.17028590348373,315,7.3,0.2286,71.3,0.0104404
2.11665227301139,400,7.3,0.2286,71.3,0.0104404
1.73396907180334,500,7.3,0.2286,71.3,0.0104404
1.29475312496228,630,7.3,0.2286,71.3,0.0104404
0.856986735701555,800,7.3,0.2286,71.3,0.0104404
0.290209721791147,1000,7.3,0.2286,71.3,0.0104404
0.365586715968492,1250,7.3,0.2286,71.3,0.0104404
0.129308830374126,1600,7.3,0.2286,71.3,0.0104404
-0.308457558886598,2000,7.3,0.2286,71.3,0.0104404
-0.398330128867278,2500,7.3,0.2286,71.3,0.0104404
-0.634608014461642,3150,7.3,0.2286,71.3,0.0104404
-0.815802712003332,4000,7.3,0.2286,71.3,0.0104404
-1.38257972591374,5000,7.3,0.2286,71.3,0.0104404
-1.3072027317364,6300,7.3,0.2286,71.3,0.0104404
1.50725826623918,200,7.3,0.2286,55.5,0.0111706
1.67395738797753,250,7.3,0.2286,55.5,0.0111706
1.6594618121742,315,7.3,0.2286,55.5,0.0111706
1.60727773928219,400,7.3,0.2286,55.5,0.0111706
1.20864940469047,500,7.3,0.2286,55.5,0.0111706
0.88394850669576,630,7.3,0.2286,55.5,0.0111706
0.523008669192711,800,7.3,0.2286,55.5,0.0111706
0.0519024555843169,1000,7.3,0.2286,55.5,0.0111706
0.128729007341994,1250,7.3,0.2286,55.5,0.0111706
-0.214816139197052,1600,7.3,0.2286,55.5,0.0111706
-0.64968341329711,2000,7.3,0.2286,55.5,0.0111706
-0.84682324422247,2500,7.3,0.2286,55.5,0.0111706
-1.11644095416451,3150,7.3,0.2286,55.5,0.0111706
-1.0946975904595,4000,7.3,0.2286,55.5,0.0111706
-1.69481442871758,5000,7.3,0.2286,55.5,0.0111706
-1.92819319915128,6300,7.3,0.2286,55.5,0.0111706
0.891921073387595,200,7.3,0.2286,39.6,0.0123481
1.02238125561761,250,7.3,0.2286,39.6,0.0123481
1.06006975270628,315,7.3,0.2286,39.6,0.0123481
1.04412461932261,400,7.3,0.2286,39.6,0.0123481
0.791901600344582,500,7.3,0.2286,39.6,0.0123481
0.593312211838889,630,7.3,0.2286,39.6,0.0123481
0.212078568211172,800,7.3,0.2286,39.6,0.0123481
-0.332955081994234,1000,7.3,0.2286,39.6,0.0123481
-0.238733839272557,1250,7.3,0.2286,39.6,0.0123481
-0.547489603883597,1600,7.3,0.2286,39.6,0.0123481
-1.01859581749199,2000,7.3,0.2286,39.6,0.0123481
-1.19979051503368,2500,7.3,0.2286,39.6,0.0123481
-1.52594097060873,3150,7.3,0.2286,39.6,0.0123481
-1.5592807949564,4000,7.3,0.2286,39.6,0.0123481
-1.8665870019871,5000,7.3,0.2286,39.6,0.0123481
-2.02893745098446,6300,7.3,0.2286,39.6,0.0123481
0.557073272330551,200,7.3,0.2286,31.7,0.0132672
0.761460891157577,250,7.3,0.2286,31.7,0.0132672
0.783204254862581,315,7.3,0.2286,31.7,0.0132672
0.787552927603582,400,7.3,0.2286,31.7,0.0132672
0.483145835733542,500,7.3,0.2286,31.7,0.0132672
0.196133434827501,630,7.3,0.2286,31.7,0.0132672
-0.235834724111888,800,7.3,0.2286,31.7,0.0132672
-0.831602889628967,1000,7.3,0.2286,31.7,0.0132672
-0.62721527080194,1250,7.3,0.2286,31.7,0.0132672
-0.840300235110969,1600,7.3,0.2286,31.7,0.0132672
-1.38098521257537,2000,7.3,0.2286,31.7,0.0132672
-1.46795866739539,2500,7.3,0.2286,31.7,0.0132672
-1.68249318928475,3150,7.3,0.2286,31.7,0.0132672
-1.76801708652443,4000,7.3,0.2286,31.7,0.0132672
-2.00139585695812,5000,7.3,0.2286,31.7,0.0132672
-2.05068081468946,6300,7.3,0.2286,31.7,0.0132672
0.142209892839094,800,0.0,0.1524,71.3,0.0015988
0.358193972308791,1000,0.0,0.1524,71.3,0.0015988
0.593022300322821,1250,0.0,0.1524,71.3,0.0015988
0.700289561267503,1600,0.0,0.1524,71.3,0.0015988
0.552434688073482,2000,0.0,0.1524,71.3,0.0015988
0.477057693896141,2500,0.0,0.1524,71.3,0.0015988
0.658252391437832,3150,0.0,0.1524,71.3,0.0015988
0.582875397260487,4000,0.0,0.1524,71.3,0.0015988
0.23498157798044,5000,0.0,0.1524,71.3,0.0015988
0.0856771472060886,6300,0.0,0.1524,71.3,0.0015988
-0.334694551090635,8000,0.0,0.1524,71.3,0.0015988
-0.665193679406679,10000,0.0,0.1524,71.3,0.0015988
-1.12325387479207,12500,0.0,0.1524,71.3,0.0015988
-1.67263619773848,16000,0.0,0.1524,71.3,0.0015988
-0.617938102287807,500,0.0,0.1524,55.5,0.00172668
-0.181621270607415,630,0.0,0.1524,55.5,0.00172668
0.272090252036978,800,0.0,0.1524,55.5,0.00172668
0.543157519559348,1000,0.0,0.1524,55.5,0.00172668
0.741746908065042,1250,0.0,0.1524,55.5,0.00172668
0.775086732412712,1600,0.0,0.1524,55.5,0.00172668
0.701159295815703,2000,0.0,0.1524,55.5,0.00172668
0.424293797972,2500,0.0,0.1524,55.5,0.00172668
0.422844240391666,3150,0.0,0.1524,55.5,0.00172668
0.347467246214323,4000,0.0,0.1524,55.5,0.00172668
0.0532070574066171,5000,0.0,0.1524,55.5,0.00172668
-0.222208882856754,6300,0.0,0.1524,55.5,0.00172668
-0.425146944103446,8000,0.0,0.1524,55.5,0.00172668
-0.809279702891831,10000,0.0,0.1524,55.5,0.00172668
-1.12238414024387,12500,0.0,0.1524,55.5,0.00172668
-1.74424434220696,16000,0.0,0.1524,55.5,0.00172668
-0.771591205803159,500,0.0,0.1524,39.6,0.00193287
-0.0627575490200646,630,0.0,0.1524,39.6,0.00193287
0.44458760409667,800,0.0,0.1524,39.6,0.00193287
0.753343368707708,1000,0.0,0.1524,39.6,0.00193287
0.896849569160728,1250,0.0,0.1524,39.6,0.00193287
0.895400011580396,1600,0.0,0.1524,39.6,0.00193287
0.69536106549437,2000,0.0,0.1524,39.6,0.00193287
0.293833615741982,2500,0.0,0.1524,39.6,0.00193287
0.111189360619957,3150,0.0,0.1524,39.6,0.00193287
0.0735008635312865,4000,0.0,0.1524,39.6,0.00193287
-0.20046551915175,5000,0.0,0.1524,39.6,0.00193287
-0.510670841343125,6300,0.0,0.1524,39.6,0.00193287
-0.620837217448473,8000,0.0,0.1524,39.6,0.00193287
-1.36590981373991,10000,0.0,0.1524,39.6,0.00193287
-0.466604290900985,500,0.0,0.1524,31.7,0.00209405
0.168301929285099,630,0.0,0.1524,31.7,0.00209405
0.620563894349157,800,0.0,0.1524,31.7,0.00209405
0.891631161871527,1000,0.0,0.1524,31.7,0.00209405
0.961209925727539,1250,0.0,0.1524,31.7,0.00209405
0.866988683005859,1600,0.0,0.1524,31.7,0.00209405
0.590123185162156,2000,0.0,0.1524,31.7,0.00209405
0.149457680740763,2500,0.0,0.1524,31.7,0.00209405
-0.0911688775946035,3150,0.0,0.1524,31.7,0.00209405
-0.149151180807943,4000,0.0,0.1524,31.7,0.00209405
-0.35353879963497,5000,0.0,0.1524,31.7,0.00209405
-0.739121116003689,6300,0.0,0.1524,31.7,0.00209405
-0.997142365303057,8000,0.0,0.1524,31.7,0.00209405
0.372254680838025,630,2.7,0.1524,71.3,0.00243851
0.370805123257693,800,2.7,0.1524,71.3,0.00243851
0.570844069343719,1000,2.7,0.1524,71.3,0.00243851
0.769433457849413,1250,2.7,0.1524,71.3,0.00243851
0.841911336866089,1600,2.7,0.1524,71.3,0.00243851
0.765084785108412,2000,2.7,0.1524,71.3,0.00243851
0.507063535809044,2500,2.7,0.1524,71.3,0.00243851
0.321520165526353,3150,2.7,0.1524,71.3,0.00243851
0.24614317134901,4000,2.7,0.1524,71.3,0.00243851
-0.0684108235833655,5000,2.7,0.1524,71.3,0.00243851
-0.419203758024079,6300,2.7,0.1524,71.3,0.00243851
-0.623591376851106,8000,2.7,0.1524,71.3,0.00243851
-1.17587281495818,10000,2.7,0.1524,71.3,0.00243851
-1.71075956210125,12500,2.7,0.1524,71.3,0.00243851
-2.0977914360503,16000,2.7,0.1524,71.3,0.00243851
-0.554737391785264,500,2.7,0.1524,39.6,0.00294804
0.141050246774828,630,2.7,0.1524,39.6,0.00294804
0.578816636035554,800,2.7,0.1524,39.6,0.00294804
0.833938770174254,1000,2.7,0.1524,39.6,0.00294804
0.86872815210226,1250,2.7,0.1524,39.6,0.00294804
0.755662660836244,1600,2.7,0.1524,39.6,0.00294804
0.478797162992541,2000,2.7,0.1524,39.6,0.00294804
0.109159980007491,2500,2.7,0.1524,39.6,0.00294804
-0.277871893941561,3150,2.7,0.1524,39.6,0.00294804
-0.427176324715914,4000,2.7,0.1524,39.6,0.00294804
-0.483709070348922,5000,2.7,0.1524,39.6,0.00294804
-0.815657756245298,6300,2.7,0.1524,39.6,0.00294804
-1.18529493923035,8000,2.7,0.1524,39.6,0.00294804
-1.77526487442609,10000,2.7,0.1524,39.6,0.00294804
-2.3463905610775,12500,2.7,0.1524,39.6,0.00294804
-0.103635072785472,400,5.4,0.1524,71.3,0.00401199
0.210918922146904,500,5.4,0.1524,71.3,0.00401199
0.59940035367629,630,5.4,0.1524,71.3,0.00401199
0.934248154733335,800,5.4,0.1524,71.3,0.00401199
1.21256321015737,1000,5.4,0.1524,71.3,0.00401199
1.34447294996772,1250,5.4,0.1524,71.3,0.00401199
1.21836144047871,1600,5.4,0.1524,71.3,0.00401199
0.909605675867662,2000,5.4,0.1524,71.3,0.00401199
0.399361407590262,2500,5.4,0.1524,71.3,0.00401199
-0.221049236792485,3150,5.4,0.1524,71.3,0.00401199
-0.49356606189519,4000,5.4,0.1524,71.3,0.00401199
-0.692155450400881,5000,5.4,0.1524,71.3,0.00401199
-1.22124396722262,6300,5.4,0.1524,71.3,0.00401199
0.285716093292115,400,5.4,0.1524,55.5,0.00433288
0.656802833857495,500,5.4,0.1524,55.5,0.00433288
1.01049488345888,630,5.4,0.1524,55.5,0.00433288
1.1974878113219,800,5.4,0.1524,55.5,0.00433288
1.05688072602955,1000,5.4,0.1524,55.5,0.00433288
0.861190452684522,1250,5.4,0.1524,55.5,0.00433288
0.830749743497521,1600,5.4,0.1524,55.5,0.00433288
0.561132033555483,2000,5.4,0.1524,55.5,0.00433288
-0.110013126138939,2500,5.4,0.1524,55.5,0.00433288
-0.470952963641986,3150,5.4,0.1524,55.5,0.00433288
-0.739121116003689,4000,5.4,0.1524,55.5,0.00433288
-0.881177758876374,5000,5.4,0.1524,55.5,0.00433288
-1.0942627231854,6300,5.4,0.1524,55.5,0.00433288
-1.43635831214411,8000,5.4,0.1524,55.5,0.00433288
0.0740806865634186,315,5.4,0.1524,39.6,0.00485029
0.406029372459797,400,5.4,0.1524,39.6,0.00485029
0.73942761593651,500,5.4,0.1524,39.6,0.00485029
1.09022055037722,630,5.4,0.1524,39.6,0.00485029
1.14820285359056,800,5.4,0.1524,39.6,0.00485029
0.82205239801552,1000,5.4,0.1524,39.6,0.00485029
0.330652378282454,1250,5.4,0.1524,39.6,0.00485029
0.207439983954103,1600,5.4,0.1524,39.6,0.00485029
-0.0273883440599266,2000,5.4,0.1524,39.6,0.00485029
-0.628954739898341,2500,5.4,0.1524,39.6,0.00485029
-0.8260945708237,3150,5.4,0.1524,39.6,0.00485029
-1.11600608689041,4000,5.4,0.1524,39.6,0.00485029
-1.13050166269374,5000,5.4,0.1524,39.6,0.00485029
-1.18268573558575,6300,5.4,0.1524,39.6,0.00485029
0.13119325522856,315,5.4,0.1524,31.7,0.00525474
0.426903001616601,400,5.4,0.1524,31.7,0.00525474
0.702318941879971,500,5.4,0.1524,31.7,0.00525474
0.961789748759671,630,5.4,0.1524,31.7,0.00525474
0.96468886392034,800,5.4,0.1524,31.7,0.00525474
0.493582650311944,1000,5.4,0.1524,31.7,0.00525474
-0.122479321329807,1250,5.4,0.1524,31.7,0.00525474
-0.155819145677478,1600,5.4,0.1524,31.7,0.00525474
-0.299325346130497,2000,5.4,0.1524,31.7,0.00525474
-0.824065190211234,2500,5.4,0.1524,31.7,0.00525474
-0.948727142119917,3150,5.4,0.1524,31.7,0.00525474
-1.25458379157029,4000,5.4,0.1524,31.7,0.00525474
-1.32561211300663,5000,5.4,0.1524,31.7,0.00525474
-1.34010768880997,6300,5.4,0.1524,31.7,0.00525474
0.562001768103683,315,7.2,0.1524,71.3,0.00752039
0.76638938693071,400,7.2,0.1524,71.3,0.00752039
1.04470444235475,500,7.2,0.1524,71.3,0.00752039
1.45203012242847,630,7.2,0.1524,71.3,0.00752039
1.62162835932749,800,7.2,0.1524,71.3,0.00752039
1.36795578276912,1000,7.2,0.1524,71.3,0.00752039
1.11283364863042,1250,7.2,0.1524,71.3,0.00752039
0.878005320616393,1600,7.2,0.1524,71.3,0.00752039
0.55185486504135,2000,7.2,0.1524,71.3,0.00752039
-0.0700053369217339,2500,7.2,0.1524,71.3,0.00752039
-1.16732042523421,3150,7.2,0.1524,71.3,0.00752039
-0.796233684668829,4000,7.2,0.1524,71.3,0.00752039
-0.941189442702182,5000,7.2,0.1524,71.3,0.00752039
-1.19341246168022,6300,7.2,0.1524,71.3,0.00752039
-1.66741779044928,8000,7.2,0.1524,71.3,0.00752039
-2.10518417971,10000,7.2,0.1524,71.3,0.00752039
0.384430964512827,250,7.2,0.1524,39.6,0.00909175
0.829445141675219,315,7.2,0.1524,39.6,0.00909175
1.05557612420725,400,7.2,0.1524,39.6,0.00909175
1.13385223354526,500,7.2,0.1524,39.6,0.00909175
1.21212834288327,630,7.2,0.1524,39.6,0.00909175
1.09036550613526,800,7.2,0.1524,39.6,0.00909175
0.507643358841176,1000,7.2,0.1524,39.6,0.00909175
-0.349045171135937,1250,7.2,0.1524,39.6,0.00909175
-0.692590317674981,1600,7.2,0.1524,39.6,0.00909175
-0.667947838809313,2000,7.2,0.1524,39.6,0.00909175
-1.06657617340103,2500,7.2,0.1524,39.6,0.00909175
-1.88702576386981,3150,7.2,0.1524,39.6,0.00909175
-1.53333371426843,4000,7.2,0.1524,39.6,0.00909175
-1.67394079956078,5000,7.2,0.1524,39.6,0.00909175
-1.76091425438079,6300,7.2,0.1524,39.6,0.00909175
-1.92036558821748,8000,7.2,0.1524,39.6,0.00909175
-2.02473373400149,10000,7.2,0.1524,39.6,0.00909175
1.37462374763866,200,9.9,0.1524,71.3,0.0193001
1.52102906325235,250,9.9,0.1524,71.3,0.0193001
1.53987331179668,315,9.9,0.1524,71.3,0.0193001
1.48479012374401,400,9.9,0.1524,71.3,0.0193001
0.933958243217267,500,9.9,0.1524,71.3,0.0193001
0.732469739550908,630,9.9,0.1524,71.3,0.0193001
0.586064423937219,800,9.9,0.1524,71.3,0.0193001
0.219326356112839,1000,9.9,0.1524,71.3,0.0193001
-0.312661275869565,1250,9.9,0.1524,71.3,0.0193001
-0.441671900519249,1600,9.9,0.1524,71.3,0.0193001
-0.588077216132936,2000,9.9,0.1524,71.3,0.0193001
-0.753326780290958,2500,9.9,0.1524,71.3,0.0193001
-1.15775334520401,3150,9.9,0.1524,71.3,0.0193001
-1.41432503692305,4000,9.9,0.1524,71.3,0.0193001
-1.48825247352005,5000,9.9,0.1524,71.3,0.0193001
-1.85499054134444,6300,9.9,0.1524,71.3,0.0193001
1.03194833564782,200,9.9,0.1524,55.5,0.0208438
1.21749170593051,250,9.9,0.1524,55.5,0.0208438
1.08993063886115,315,9.9,0.1524,55.5,0.0208438
0.981213820336139,400,9.9,0.1524,55.5,0.0208438
0.431831497389733,500,9.9,0.1524,55.5,0.0208438
0.359353618373057,630,9.9,0.1524,55.5,0.0208438
0.250636799848043,800,9.9,0.1524,55.5,0.0208438
-0.0247791404153261,1000,9.9,0.1524,55.5,0.0208438
-0.463995087256385,1250,9.9,0.1524,55.5,0.0208438
-0.719117221395086,1600,9.9,0.1524,55.5,0.0208438
-0.772750851867427,2000,9.9,0.1524,55.5,0.0208438
-0.938000416025449,2500,9.9,0.1524,55.5,0.0208438
-1.41345530237485,3150,9.9,0.1524,55.5,0.0208438
-1.72366062456622,4000,9.9,0.1524,55.5,0.0208438
-1.85122169163557,5000,9.9,0.1524,55.5,0.0208438
-2.07010488626593,6300,9.9,0.1524,55.5,0.0208438
0.359353618373057,200,9.9,0.1524,39.6,0.0233328
0.507208491567078,250,9.9,0.1524,39.6,0.0233328
0.544896988655749,315,9.9,0.1524,39.6,0.0233328
0.50865804914741,400,9.9,0.1524,39.6,0.0233328
0.289774854517047,500,9.9,0.1524,39.6,0.0233328
0.236141224044708,630,9.9,0.1524,39.6,0.0233328
0.218746533080705,800,9.9,0.1524,39.6,0.0233328
-0.145092419583011,1000,9.9,0.1524,39.6,0.0233328
-0.620547305932405,1250,9.9,0.1524,39.6,0.0233328
-0.911908379579445,1600,9.9,0.1524,39.6,0.0233328
-1.00178094956012,2000,9.9,0.1524,39.6,0.0233328
-1.23805883515449,2500,9.9,0.1524,39.6,0.0233328
-1.63958628490687,3150,9.9,0.1524,39.6,0.0233328
-1.8222305400289,4000,9.9,0.1524,39.6,0.0233328
-1.98603054660659,5000,9.9,0.1524,39.6,0.0233328
-2.16722524414828,6300,9.9,0.1524,39.6,0.0233328
0.357034326244525,200,9.9,0.1524,31.7,0.0252785
0.539678581366548,250,9.9,0.1524,31.7,0.0252785
0.575917520874886,315,9.9,0.1524,31.7,0.0252785
0.594761769419221,400,9.9,0.1524,31.7,0.0252785
0.339639635280522,500,9.9,0.1524,31.7,0.0252785
0.175839628702834,630,9.9,0.1524,31.7,0.0252785
0.101912192105823,800,9.9,0.1524,31.7,0.0252785
-0.389487827627242,1000,9.9,0.1524,31.7,0.0252785
-0.901181653484977,1250,9.9,0.1524,31.7,0.0252785
-1.11861529053501,1600,9.9,0.1524,31.7,0.0252785
-1.15630378762368,2000,9.9,0.1524,31.7,0.0252785
-1.46505955223472,2500,9.9,0.1524,31.7,0.0252785
-1.83034806247877,3150,9.9,0.1524,31.7,0.0252785
-1.93906488100378,4000,9.9,0.1524,31.7,0.0252785
-2.15794807563414,5000,9.9,0.1524,31.7,0.0252785
-2.34059233075617,6300,9.9,0.1524,31.7,0.0252785
0.509962650969713,200,12.6,0.1524,71.3,0.0483159
0.711451154636071,250,12.6,0.1524,71.3,0.0483159
0.528806899514048,315,12.6,0.1524,71.3,0.0483159
0.327318395847686,400,12.6,0.1524,71.3,0.0483159
-0.459791370273418,500,12.6,0.1524,71.3,0.0483159
-0.22206392709872,630,12.6,0.1524,71.3,0.0483159
-0.258302866607058,800,12.6,0.1524,71.3,0.0483159
-0.404708182220745,1000,12.6,0.1524,71.3,0.0483159
-0.678674564903781,1250,12.6,0.1524,71.3,0.0483159
-0.623591376851106,1600,12.6,0.1524,71.3,0.0483159
-1.06280732369216,2000,12.6,0.1524,71.3,0.0483159
-1.39185689442788,2500,12.6,0.1524,71.3,0.0483159
-1.66727283469124,3150,12.6,0.1524,71.3,0.0483159
-2.43553835226801,4000,12.6,0.1524,71.3,0.0483159
-2.43553835226801,5000,12.6,0.1524,71.3,0.0483159
-2.54425517079303,6300,12.6,0.1524,71.3,0.0483159
-1.46201548131602,200,12.6,0.1524,39.6,0.0584113
-1.296765917158,250,12.6,0.1524,39.6,0.0584113
-1.27792166861366,315,12.6,0.1524,39.6,0.0584113
-1.29386680199733,400,12.6,0.1524,39.6,0.0584113
-1.44027211761101,500,12.6,0.1524,39.6,0.0584113
-1.20109511685598,630,12.6,0.1524,39.6,0.0584113
-1.19964555927565,800,12.6,0.1524,39.6,0.0584113
-1.47361194195869,1000,12.6,0.1524,39.6,0.0584113
-1.8374508946224,1250,12.6,0.1524,39.6,0.0584113
-2.03748984070843,1600,12.6,0.1524,39.6,0.0584113
-2.22013409583045,2000,12.6,0.1524,39.6,0.0584113
-2.6028172970385,2500,12.6,0.1524,39.6,0.0584113
-2.69268986701918,3150,12.6,0.1524,39.6,0.0584113
-2.94781200115788,4000,12.6,0.1524,39.6,0.0584113
-3.00144563163022,5000,12.6,0.1524,39.6,0.0584113
-3.11016245015524,6300,12.6,0.1524,39.6,0.0584113
0.887717356404629,800,0.0,0.0508,71.3,0.000740478
0.668834161774263,1000,0.0,0.0508,71.3,0.000740478
0.539823537124582,1250,0.0,0.0508,71.3,0.000740478
0.702173986121937,1600,0.0,0.0508,71.3,0.000740478
0.902212932207963,2000,0.0,0.0508,71.3,0.000740478
0.938451871716301,2500,0.0,0.0508,71.3,0.000740478
1.48348552192171,3150,0.0,0.0508,71.3,0.000740478
1.39071383678036,4000,0.0,0.0508,71.3,0.000740478
1.39071383678036,5000,0.0,0.0508,71.3,0.000740478
1.189225333114,6300,0.0,0.0508,71.3,0.000740478
0.877570453342291,8000,0.0,0.0508,71.3,0.000740478
0.565915573570586,10000,0.0,0.0508,71.3,0.000740478
0.0556713052931835,12500,0.0,0.0508,71.3,0.000740478
-0.0724695848083003,800,0.0,0.0508,55.5,0.00076193
0.10872511273339,1000,0.0,0.0508,55.5,0.00076193
0.324709192203085,1250,0.0,0.0508,55.5,0.00076193
0.542142829253114,1600,0.0,0.0508,55.5,0.00076193
0.959615412389169,2000,0.0,0.0508,55.5,0.00076193
1.32200480747255,2500,0.0,0.0508,55.5,0.00076193
1.44811631696157,3150,0.0,0.0508,55.5,0.00076193
1.46551100792557,4000,0.0,0.0508,55.5,0.00076193
1.40897826229257,5000,0.0,0.0508,55.5,0.00076193
1.15385612815386,6300,0.0,0.0508,55.5,0.00076193
0.771172926945813,8000,0.0,0.0508,55.5,0.00076193
0.405884416701763,10000,0.0,0.0508,55.5,0.00076193
0.0782844035463874,12500,0.0,0.0508,55.5,0.00076193
0.242374321640141,800,0.0,0.0508,39.6,0.000791822
0.406174328217831,1000,0.0,0.0508,39.6,0.000791822
0.625057522848192,1250,0.0,0.0508,39.6,0.000791822
0.880179656986891,1600,0.0,0.0508,39.6,0.000791822
1.17154073063393,2000,0.0,0.0508,39.6,0.000791822
1.4643513618613,2500,0.0,0.0508,39.6,0.000791822
1.60930711989466,3150,0.0,0.0508,39.6,0.000791822
1.51798499233364,4000,0.0,0.0508,39.6,0.000791822
1.37302923430029,5000,0.0,0.0508,39.6,0.000791822
1.02658497260058,6300,0.0,0.0508,39.6,0.000791822
0.533735395287181,8000,0.0,0.0508,39.6,0.000791822
0.168446885043133,10000,0.0,0.0508,39.6,0.000791822
-0.122914188603907,12500,0.0,0.0508,39.6,0.000791822
-0.296571186727862,800,0.0,0.0508,31.7,0.000812164
0.281802287825214,1000,0.0,0.0508,31.7,0.000812164
0.642742125328263,1250,0.0,0.0508,31.7,0.000812164
0.894965144306294,1600,0.0,0.0508,31.7,0.000812164
1.184876660373,2000,0.0,0.0508,31.7,0.000812164
1.45449437031504,2500,0.0,0.0508,31.7,0.000812164
1.54436694029572,3150,0.0,0.0508,31.7,0.000812164
1.34432799420969,4000,0.0,0.0508,31.7,0.000812164
1.21676692714034,5000,0.0,0.0508,31.7,0.000812164
0.79784478642395,6300,0.0,0.0508,31.7,0.000812164
0.254260693798877,8000,0.0,0.0508,31.7,0.000812164
-0.345856144459203,10000,0.0,0.0508,31.7,0.000812164
-0.835806606611936,12500,0.0,0.0508,31.7,0.000812164
-0.0750787884529007,1600,4.2,0.0508,71.3,0.00142788
0.726526553471541,2000,4.2,0.0508,71.3,0.00142788
1.03528231808258,2500,4.2,0.0508,71.3,0.00142788
1.28895489464095,3150,4.2,0.0508,71.3,0.00142788
1.27011064609661,4000,4.2,0.0508,71.3,0.00142788
1.15849471241093,5000,4.2,0.0508,71.3,0.00142788
0.648250444133528,6300,4.2,0.0508,71.3,0.00142788
0.0626291816787847,8000,4.2,0.0508,71.3,0.00142788
-0.521542523195626,10000,4.2,0.0508,71.3,0.00142788
-1.08831953710603,12500,4.2,0.0508,71.3,0.00142788
0.117567413973426,1000,4.2,0.0508,39.6,0.00152689
0.520544421306144,1250,4.2,0.0508,39.6,0.00152689
0.77711611302518,1600,4.2,0.0508,39.6,0.00152689
1.12356037472489,2000,4.2,0.0508,39.6,0.00152689
1.30620462984692,2500,4.2,0.0508,39.6,0.00152689
1.26851613275824,3150,4.2,0.0508,39.6,0.00152689
1.01049488345888,4000,4.2,0.0508,39.6,0.00152689
0.71623469465117,5000,4.2,0.0508,39.6,0.00152689
0.12771431703576,6300,4.2,0.0508,39.6,0.00152689
-0.643450315701675,8000,4.2,0.0508,39.6,0.00152689
-1.14064856575608,10000,4.2,0.0508,39.6,0.00152689
0.394287956059095,800,8.4,0.0508,71.3,0.00529514
0.740732217758808,1000,8.4,0.0508,71.3,0.00529514
1.05093753995018,1250,8.4,0.0508,71.3,0.00529514
1.30605967408888,1600,8.4,0.0508,71.3,0.00529514
1.3973818016499,2000,8.4,0.0508,71.3,0.00529514
1.36114286214156,2500,8.4,0.0508,71.3,0.00529514
1.03354284898618,3150,8.4,0.0508,71.3,0.00529514
0.302965828498083,4000,8.4,0.0508,71.3,0.00529514
-0.534878452934695,5000,8.4,0.0508,71.3,0.00529514
-0.471677742432154,400,8.4,0.0508,55.5,0.00544854
-0.158573305080111,500,8.4,0.0508,55.5,0.00544854
0.190770071780268,630,8.4,0.0508,55.5,0.00544854
0.54011344864065,800,8.4,0.0508,55.5,0.00544854
0.853217885992691,1000,8.4,0.0508,55.5,0.00544854
1.07500019578372,1250,8.4,0.0508,55.5,0.00544854
1.18806568704974,1600,8.4,0.0508,55.5,0.00544854
1.18951524463007,2000,8.4,0.0508,55.5,0.00544854
0.972081607580039,2500,8.4,0.0508,55.5,0.00544854
0.51692052735531,3150,8.4,0.0508,55.5,0.00544854
-0.322373311657801,4000,8.4,0.0508,55.5,0.00544854
-1.3080724662846,5000,8.4,0.0508,55.5,0.00544854
-0.698823415270417,400,8.4,0.0508,39.6,0.00566229
-0.279901274554027,500,8.4,0.0508,39.6,0.00566229
0.1752598056707,630,8.4,0.0508,39.6,0.00566229
0.521704067370413,800,8.4,0.0508,39.6,0.00566229
0.776826201509112,1000,8.4,0.0508,39.6,0.00566229
0.923231517122801,1250,8.4,0.0508,39.6,0.00566229
0.888442135194795,1600,8.4,0.0508,39.6,0.00566229
0.743486377161442,2000,8.4,0.0508,39.6,0.00566229
0.381096982078061,2500,8.4,0.0508,39.6,0.00566229
-0.126248171038673,3150,8.4,0.0508,39.6,0.00566229
-0.852476518785771,4000,8.4,0.0508,39.6,0.00566229
-0.689981114030383,400,8.4,0.0508,31.7,0.00580776
-0.271058973313994,500,8.4,0.0508,31.7,0.00580776
0.147863167402395,630,8.4,0.0508,31.7,0.00580776
0.49430742910211,800,8.4,0.0508,31.7,0.00580776
0.678401241804465,1000,8.4,0.0508,31.7,0.00580776
0.771172926945813,1250,8.4,0.0508,31.7,0.00580776
0.646510975037128,1600,8.4,0.0508,31.7,0.00580776
0.413132204603432,2000,8.4,0.0508,31.7,0.00580776
0.107275555153056,2500,8.4,0.0508,31.7,0.00580776
-0.398620040383344,3150,8.4,0.0508,31.7,0.00580776
-0.975543957356088,4000,8.4,0.0508,31.7,0.00580776
0.160184406835231,200,11.2,0.0508,71.3,0.014072
0.32833308615392,250,11.2,0.0508,71.3,0.014072
0.513876456436611,315,11.2,0.0508,71.3,0.014072
0.644336638666629,400,11.2,0.0508,71.3,0.014072
0.793641069440983,500,11.2,0.0508,71.3,0.014072
1.27199507095104,630,11.2,0.0508,71.3,0.014072
1.62278800539176,800,11.2,0.0508,71.3,0.014072
1.75469774520211,1000,11.2,0.0508,71.3,0.014072
1.6459809266771,1250,11.2,0.0508,71.3,0.014072
1.50102516864374,1600,11.2,0.0508,71.3,0.014072
1.22850834354104,2000,11.2,0.0508,71.3,0.014072
0.826980893788652,2500,11.2,0.0508,71.3,0.014072
0.334131316475255,3150,11.2,0.0508,71.3,0.014072
-0.342812073540502,4000,11.2,0.0508,71.3,0.014072
0.0252305961061804,200,11.2,0.0508,39.6,0.0150478
0.231067772513541,250,11.2,0.0508,39.6,0.0150478
0.602154513078924,315,11.2,0.0508,39.6,0.0150478
0.845680186574954,400,11.2,0.0508,39.6,0.0150478
1.03267311443798,500,11.2,0.0508,39.6,0.0150478
1.202271351337,630,11.2,0.0508,39.6,0.0150478
1.29794215163901,800,11.2,0.0508,39.6,0.0150478
1.10080232071366,1000,11.2,0.0508,39.6,0.0150478
0.755807616594278,1250,11.2,0.0508,39.6,0.0150478
0.24701290589721,1600,11.2,0.0508,39.6,0.0150478
-0.0602933011334982,2000,11.2,0.0508,39.6,0.0150478
-0.386443756708542,2500,11.2,0.0508,39.6,0.0150478
-0.748833151791923,3150,11.2,0.0508,39.6,0.0150478
-1.35039954763034,4000,11.2,0.0508,39.6,0.0150478
-0.179881801511014,200,15.4,0.0508,71.3,0.0264269
-0.000136661549658,250,15.4,0.0508,71.3,0.0264269
0.197003169375701,315,15.4,0.0508,71.3,0.0264269
0.285426181776049,400,15.4,0.0508,71.3,0.0264269
0.355004945632056,500,15.4,0.0508,71.3,0.0264269
0.69710053459077,630,15.4,0.0508,71.3,0.0264269
0.968167802113136,800,15.4,0.0508,71.3,0.0264269
1.01890231742481,1000,15.4,0.0508,71.3,0.0264269
0.871047444230792,1250,15.4,0.0508,71.3,0.0264269
0.757981952964777,1600,15.4,0.0508,71.3,0.0264269
0.644916461698761,2000,15.4,0.0508,71.3,0.0264269
0.404289903363397,2500,15.4,0.0508,71.3,0.0264269
0.127424405519694,3150,15.4,0.0508,71.3,0.0264269
-0.313241098901699,4000,15.4,0.0508,71.3,0.0264269
-0.826384482339766,5000,15.4,0.0508,71.3,0.0264269
-1.39461105383051,6300,15.4,0.0508,71.3,0.0264269
-1.76279867923523,8000,15.4,0.0508,71.3,0.0264269
-0.274827823022861,200,15.4,0.0508,55.5,0.0271925
-0.0965322406418363,250,15.4,0.0508,55.5,0.0271925
0.0803137841588537,315,15.4,0.0508,55.5,0.0271925
0.241214675575875,400,15.4,0.0508,55.5,0.0271925
0.345582821359889,500,15.4,0.0508,55.5,0.0271925
0.651439470810265,630,15.4,0.0508,55.5,0.0271925
0.810890804646952,800,15.4,0.0508,55.5,0.0271925
0.806542131905951,1000,15.4,0.0508,55.5,0.0271925
0.748559828692609,1250,15.4,0.0508,55.5,0.0271925
0.487639464232573,1600,15.4,0.0508,55.5,0.0271925
0.319490784913886,2000,15.4,0.0508,55.5,0.0271925
0.115103166086858,2500,15.4,0.0508,55.5,0.0271925
-0.199450828845518,3150,15.4,0.0508,55.5,0.0271925
-0.567638454250232,4000,15.4,0.0508,55.5,0.0271925
-1.11991989235731,5000,15.4,0.0508,55.5,0.0271925
-1.72583496093672,6300,15.4,0.0508,55.5,0.0271925
-0.442541635067449,200,15.4,0.0508,39.6,0.0282593
-0.281640743650428,250,15.4,0.0508,39.6,0.0282593
-0.0497115307970644,315,15.4,0.0508,39.6,0.0282593
0.0749504211116187,400,15.4,0.0508,39.6,0.0282593
0.163373433511964,500,15.4,0.0508,39.6,0.0282593
0.377907955401326,630,15.4,0.0508,39.6,0.0282593
0.519964598274012,800,15.4,0.0508,39.6,0.0282593
0.443138046516335,1000,15.4,0.0508,39.6,0.0282593
0.276438924777979,1250,15.4,0.0508,39.6,0.0282593
0.0010229845146102,1600,15.4,0.0508,39.6,0.0282593
-0.201915076732084,2000,15.4,0.0508,39.6,0.0282593
-0.351219507506438,2500,15.4,0.0508,39.6,0.0282593
-0.626635447769806,3150,15.4,0.0508,39.6,0.0282593
-0.974529267049853,4000,15.4,0.0508,39.6,0.0282593
-1.50506734145192,5000,15.4,0.0508,39.6,0.0282593
-2.19940542243168,6300,15.4,0.0508,39.6,0.0282593
-0.704621645591752,200,15.4,0.0508,31.7,0.0289853
-0.523426948050061,250,15.4,0.0508,31.7,0.0289853
-0.288598620036029,315,15.4,0.0508,31.7,0.0289853
-0.163936668127346,400,15.4,0.0508,31.7,0.0289853
-0.16538622570768,500,15.4,0.0508,31.7,0.0289853
-0.0218800252546597,630,15.4,0.0508,31.7,0.0289853
0.104231484234358,800,15.4,0.0508,31.7,0.0289853
-0.0450729465399956,1000,15.4,0.0508,31.7,0.0289853
-0.229166759242355,1250,15.4,0.0508,31.7,0.0289853
-0.485738450961388,1600,15.4,0.0508,31.7,0.0289853
-0.579959693683068,2000,15.4,0.0508,31.7,0.0289853
-0.708970318332752,2500,15.4,0.0508,31.7,0.0289853
-0.984386258596121,3150,15.4,0.0508,31.7,0.0289853
-1.3337296354565,4000,15.4,0.0508,31.7,0.0289853
-1.8091845218059,5000,15.4,0.0508,31.7,0.0289853
-2.41365003280498,6300,15.4,0.0508,31.7,0.0289853
-0.990184488917456,200,19.7,0.0508,71.3,0.0341183
-0.829283597500435,250,19.7,0.0508,71.3,0.0341183
-0.521977390469727,315,19.7,0.0508,71.3,0.0341183
-0.14074374684201,400,19.7,0.0508,71.3,0.0341183
0.312967775802385,500,19.7,0.0508,71.3,0.0341183
0.511557164308079,630,19.7,0.0508,71.3,0.0341183
-0.0407242737989948,800,19.7,0.0508,71.3,0.0341183
-0.427756147748047,1000,19.7,0.0508,71.3,0.0341183
-0.485738450961388,1250,19.7,0.0508,71.3,0.0341183
-0.617648190771739,1600,19.7,0.0508,71.3,0.0341183
-0.693025184949081,2000,19.7,0.0508,71.3,0.0341183
-0.935101300864781,2500,19.7,0.0508,71.3,0.0341183
-1.24820573821682,3150,19.7,0.0508,71.3,0.0341183
-1.70916504876288,4000,19.7,0.0508,71.3,0.0341183
0.164967946850332,200,19.7,0.0508,39.6,0.036484
0.346162644392023,250,19.7,0.0508,39.6,0.036484
0.728845845600074,315,19.7,0.0508,39.6,0.036484
0.837562664125088,400,19.7,0.0508,39.6,0.036484
0.523008669192711,500,19.7,0.0508,39.6,0.036484
-0.654032086038111,630,19.7,0.0508,39.6,0.036484
-0.820731207776465,800,19.7,0.0508,39.6,0.036484
-0.859869262445472,1000,19.7,0.0508,39.6,0.036484
-0.899007317114477,1250,19.7,0.0508,39.6,0.036484
-1.04831174788883,1600,19.7,0.0508,39.6,0.036484
-1.03091705692483,2000,19.7,0.0508,39.6,0.036484
-1.25414892429619,2500,19.7,0.0508,39.6,0.036484
-1.71510823484225,3150,19.7,0.0508,39.6,0.036484
-2.34131710954634,4000,19.7,0.0508,39.6,0.036484
1.28591082372225,2500,0.0,0.0254,71.3,0.000400682
1.76426482523231,3150,0.0,0.0254,71.3,0.000400682
1.98894625018401,4000,0.0,0.0254,71.3,0.000400682
1.73962234636664,5000,0.0,0.0254,71.3,0.000400682
1.47145419400494,6300,0.0,0.0254,71.3,0.000400682
0.729280712874172,8000,0.0,0.0254,71.3,0.000400682
0.862640010264858,10000,0.0,0.0254,71.3,0.000400682
1.21343294470557,12500,0.0,0.0254,71.3,0.000400682
0.817703725274519,16000,0.0,0.0254,71.3,0.000400682
-0.234675078047622,20000,0.0,0.0254,71.3,0.000400682
0.403999991847331,2000,0.0,0.0254,55.5,0.00041229
0.759141599029045,2500,0.0,0.0254,55.5,0.00041229
0.821472574983383,3150,0.0,0.0254,55.5,0.00041229
1.21575223683411,4000,0.0,0.0254,55.5,0.00041229
1.58973809256015,5000,0.0,0.0254,55.5,0.00041229
1.63322481997016,6300,0.0,0.0254,55.5,0.00041229
1.64192216545216,8000,0.0,0.0254,55.5,0.00041229
1.4099929525988,10000,0.0,0.0254,55.5,0.00041229
0.959180545115071,12500,0.0,0.0254,55.5,0.00041229
0.122785821262627,16000,0.0,0.0254,55.5,0.00041229
-0.420798271362445,20000,0.0,0.0254,55.5,0.00041229
-0.0985616212543027,1600,0.0,0.0254,39.6,0.000428464
0.752328678401478,2000,0.0,0.0254,39.6,0.000428464
1.01469860044185,2500,0.0,0.0254,39.6,0.000428464
1.22343489200987,3150,0.0,0.0254,39.6,0.000428464
1.52349331113891,4000,0.0,0.0254,39.6,0.000428464
1.6959906631986,5000,0.0,0.0254,39.6,0.000428464
1.73802783302827,6300,0.0,0.0254,39.6,0.000428464
1.59887030531626,8000,0.0,0.0254,39.6,0.000428464
1.23793046781321,10000,0.0,0.0254,39.6,0.000428464
0.620418938591127,12500,0.0,0.0254,39.6,0.000428464
0.0217516579133798,16000,0.0,0.0254,39.6,0.000428464
0.0421904197960812,1000,0.0,0.0254,31.7,0.000439472
0.450965657450137,1250,0.0,0.0254,31.7,0.000439472
0.642307258054161,1600,0.0,0.0254,31.7,0.000439472
0.849593992041856,2000,0.0,0.0254,31.7,0.000439472
1.16849665971523,2500,0.0,0.0254,31.7,0.000439472
1.50624357593294,3150,0.0,0.0254,31.7,0.000439472
1.77006305555364,4000,0.0,0.0254,31.7,0.000439472
1.99619403808567,5000,0.0,0.0254,31.7,0.000439472
1.98604713502334,6300,0.0,0.0254,31.7,0.000439472
1.79325597683898,8000,0.0,0.0254,31.7,0.000439472
1.36128781789959,10000,0.0,0.0254,31.7,0.000439472
0.60027008822449,12500,0.0,0.0254,31.7,0.000439472
0.114668298812757,16000,0.0,0.0254,31.7,0.000439472
0.516340704323178,2000,4.8,0.0254,71.3,0.000848633
0.868583196344226,2500,4.8,0.0254,71.3,0.000848633
1.23822037932927,3150,4.8,0.0254,71.3,0.000848633
1.46290180428097,4000,4.8,0.0254,71.3,0.000848633
1.54117791361898,5000,4.8,0.0254,71.3,0.000848633
1.40057082832663,6300,4.8,0.0254,71.3,0.000848633
0.968602669387238,8000,4.8,0.0254,71.3,0.000848633
0.371384946289825,10000,4.8,0.0254,71.3,0.000848633
0.413422116119498,12500,4.8,0.0254,71.3,0.000848633
-0.0910239218365694,16000,4.8,0.0254,71.3,0.000848633
-0.743324832986656,20000,4.8,0.0254,71.3,0.000848633
-0.487332964299755,1600,4.8,0.0254,55.5,0.000873218
0.0316086494596474,2000,4.8,0.0254,55.5,0.000873218
0.62447769981606,2500,4.8,0.0254,55.5,0.000873218
1.08978568310312,3150,4.8,0.0254,55.5,0.000873218
1.31736622321549,4000,4.8,0.0254,55.5,0.000873218
1.54349720574752,5000,4.8,0.0254,55.5,0.000873218
1.49711136317684,6300,4.8,0.0254,55.5,0.000873218
1.06514320423745,8000,4.8,0.0254,55.5,0.000873218
0.305575032142684,10000,4.8,0.0254,55.5,0.000873218
0.0374068797809804,12500,4.8,0.0254,55.5,0.000873218
-0.0640621508423648,16000,4.8,0.0254,55.5,0.000873218
-0.514874558326091,20000,4.8,0.0254,55.5,0.000873218
-1.22776697633412,500,4.8,0.0254,39.6,0.000907475
-0.890020060116409,630,4.8,0.0254,39.6,0.000907475
-0.589961640987368,800,4.8,0.0254,39.6,0.000907475
-0.272508530894326,1000,4.8,0.0254,39.6,0.000907475
0.0275498882347127,1250,4.8,0.0254,39.6,0.000907475
0.163808300786064,1600,4.8,0.0254,39.6,0.000907475
0.591427786984454,2000,4.8,0.0254,39.6,0.000907475
0.927725145621832,2500,4.8,0.0254,39.6,0.000907475
1.24662781329521,3150,4.8,0.0254,39.6,0.000907475
1.47275879582724,4000,4.8,0.0254,39.6,0.000907475
1.53508977178158,5000,4.8,0.0254,39.6,0.000907475
1.37708799552523,6300,4.8,0.0254,39.6,0.000907475
0.943670279005502,8000,4.8,0.0254,39.6,0.000907475
0.1783038765894,10000,4.8,0.0254,39.6,0.000907475
-1.26226644674606,500,4.8,0.0254,31.7,0.000930789
-0.689691202514315,630,4.8,0.0254,31.7,0.000930789
-0.3171549043686,800,4.8,0.0254,31.7,0.000930789
0.0742256423214526,1000,4.8,0.0254,31.7,0.000930789
0.372834503870159,1250,4.8,0.0254,31.7,0.000930789
0.562726546893849,1600,4.8,0.0254,31.7,0.000930789
0.770013280881545,2000,4.8,0.0254,31.7,0.000930789
1.12370533048292,2500,4.8,0.0254,31.7,0.000930789
1.36723100397896,3150,4.8,0.0254,31.7,0.000930789
1.52088410749431,4000,4.8,0.0254,31.7,0.000930789
1.50928764685164,5000,4.8,0.0254,31.7,0.000930789
1.16864161547326,6300,4.8,0.0254,31.7,0.000930789
0.314852200656817,8000,4.8,0.0254,31.7,0.000930789
0.12901891885806,630,9.5,0.0254,71.3,0.00420654
0.343553440747422,800,9.5,0.0254,71.3,0.00420654
0.684199472125802,1000,9.5,0.0254,71.3,0.00420654
0.988606563995842,1250,9.5,0.0254,71.3,0.00420654
1.29301365586588,1600,9.5,0.0254,71.3,0.00420654
1.46985968066657,2000,9.5,0.0254,71.3,0.00420654
1.61191632353926,2500,9.5,0.0254,71.3,0.00420654
1.64235703272626,3150,9.5,0.0254,71.3,0.00420654
1.36259241972189,4000,9.5,0.0254,71.3,0.00420654
0.920477357720166,5000,9.5,0.0254,71.3,0.00420654
0.349351671068755,6300,9.5,0.0254,71.3,0.00420654
-0.562999869993166,400,9.5,0.0254,55.5,0.0043284
-0.254244105382125,500,9.5,0.0254,55.5,0.0043284
0.0893010411569212,630,9.5,0.0254,55.5,0.0043284
0.470534684784638,800,9.5,0.0254,55.5,0.0043284
0.796685140359681,1000,9.5,0.0254,55.5,0.0043284
1.06775240788205,1250,9.5,0.0254,55.5,0.0043284
1.19241435979074,1600,9.5,0.0254,55.5,0.0043284
1.33592056024375,2000,9.5,0.0254,55.5,0.0043284
1.35041613604709,2500,9.5,0.0254,55.5,0.0043284
1.21995595381707,3150,9.5,0.0254,55.5,0.0043284
0.977879837901372,4000,9.5,0.0254,55.5,0.0043284
0.518370084935646,5000,9.5,0.0254,55.5,0.0043284
-0.0889945412241031,6300,9.5,0.0254,55.5,0.0043284
-1.27009405767986,200,9.5,0.0254,39.6,0.00449821
-1.14688166335151,250,9.5,0.0254,39.6,0.00449821
-0.803336516812464,315,9.5,0.0254,39.6,0.00449821
-0.533718806870429,400,9.5,0.0254,39.6,0.00449821
-0.136540029859041,500,9.5,0.0254,39.6,0.00449821
0.243244056188341,630,9.5,0.0254,39.6,0.00449821
0.605633451271725,800,9.5,0.0254,39.6,0.00449821
0.802773282197082,1000,9.5,0.0254,39.6,0.00449821
0.888297179436761,1250,9.5,0.0254,39.6,0.00449821
0.920187446204098,1600,9.5,0.0254,39.6,0.00449821
0.9332334644271,2000,9.5,0.0254,39.6,0.00449821
0.927435234105767,2500,9.5,0.0254,39.6,0.00449821
0.738992748662407,3150,9.5,0.0254,39.6,0.00449821
0.438934329533369,4000,9.5,0.0254,39.6,0.00449821
0.0301590918793132,5000,9.5,0.0254,39.6,0.00449821
-0.654032086038111,6300,9.5,0.0254,39.6,0.00449821
-0.8247899690014,200,9.5,0.0254,31.7,0.00461377
-0.681283768548382,250,9.5,0.0254,31.7,0.00461377
-0.300050124920663,315,9.5,0.0254,31.7,0.00461377
-0.0115881664342919,400,9.5,0.0254,31.7,0.00461377
0.297167598176748,500,9.5,0.0254,31.7,0.00461377
0.604473805207457,630,9.5,0.0254,31.7,0.00461377
0.856696824185492,800,9.5,0.0254,31.7,0.00461377
0.943670279005502,1000,9.5,0.0254,31.7,0.00461377
0.958165854808837,1250,9.5,0.0254,31.7,0.00461377
0.898733994015163,1600,9.5,0.0254,31.7,0.00461377
0.820457884677153,2000,9.5,0.0254,31.7,0.00461377
0.761026023883479,2500,9.5,0.0254,31.7,0.00461377
0.536344598931781,3150,9.5,0.0254,31.7,0.00461377
0.275424234471747,4000,9.5,0.0254,31.7,0.00461377
-0.059423566585298,5000,9.5,0.0254,31.7,0.00461377
-0.595759871308703,6300,9.5,0.0254,31.7,0.00461377
-0.74477439056699,250,12.7,0.0254,71.3,0.0121808
-0.275117734538927,315,12.7,0.0254,71.3,0.0121808
0.0307389149114473,400,12.7,0.0254,71.3,0.0121808
0.298907067273149,500,12.7,0.0254,71.3,0.0121808
0.585919468179185,630,12.7,0.0254,71.3,0.0121808
0.799004432488218,800,12.7,0.0254,71.3,0.0121808
0.994694705833243,1000,12.7,0.0254,71.3,0.0121808
1.19038497917827,1250,12.7,0.0254,71.3,0.0121808
1.40491950106763,1600,12.7,0.0254,71.3,0.0121808
1.36143277365763,2000,12.7,0.0254,71.3,0.0121808
1.33679029479195,2500,12.7,0.0254,71.3,0.0121808
1.29330356738195,3150,12.7,0.0254,71.3,0.0121808
1.01063983921691,4000,12.7,0.0254,71.3,0.0121808
0.600415043982524,5000,12.7,0.0254,71.3,0.0121808
0.0814734302231199,6300,12.7,0.0254,71.3,0.0121808
-0.623011553818974,8000,12.7,0.0254,71.3,0.0121808
-1.51014079298309,10000,12.7,0.0254,71.3,0.0121808
-0.476751193963321,250,12.7,0.0254,39.6,0.0130253
-0.188289235476948,315,12.7,0.0254,39.6,0.0130253
0.100172723009423,400,12.7,0.0254,39.6,0.0130253
0.332101935862786,500,12.7,0.0254,39.6,0.0130253
0.584324954840819,630,12.7,0.0254,39.6,0.0130253
0.780015228185848,800,12.7,0.0254,39.6,0.0130253
0.885832931550194,1000,12.7,0.0254,39.6,0.0130253
0.861190452684522,1250,12.7,0.0254,39.6,0.0130253
0.745225846257843,1600,12.7,0.0254,39.6,0.0130253
0.685793985464168,2000,12.7,0.0254,39.6,0.0130253
0.607517876126155,2500,12.7,0.0254,39.6,0.0130253
0.4364700816468,3150,12.7,0.0254,39.6,0.0130253
0.24657803862311,4000,12.7,0.0254,39.6,0.0130253
0.0392913046354147,5000,12.7,0.0254,39.6,0.0130253
-0.240473308368955,6300,12.7,0.0254,39.6,0.0130253
-0.613009606514672,8000,12.7,0.0254,39.6,0.0130253
-1.27835653588776,10000,12.7,0.0254,39.6,0.0130253
-1.78729620234286,200,17.4,0.0254,71.3,0.016104
-1.60030327447984,250,17.4,0.0254,71.3,0.016104
-1.30314397051146,315,17.4,0.0254,71.3,0.016104
-1.07846254555977,400,17.4,0.0254,71.3,0.016104
-0.729119168699388,500,17.4,0.0254,71.3,0.016104
-0.323243046206001,630,17.4,0.0254,71.3,0.016104
-0.0811669302903017,800,17.4,0.0254,71.3,0.016104
0.142064937081062,1000,17.4,0.0254,71.3,0.016104
0.220341046419071,1250,17.4,0.0254,71.3,0.016104
0.227588834320741,1600,17.4,0.0254,71.3,0.016104
0.288470252694747,2000,17.4,0.0254,71.3,0.016104
0.276873792052079,2500,17.4,0.0254,71.3,0.016104
0.246433082865076,3150,17.4,0.0254,71.3,0.016104
0.10872511273339,4000,17.4,0.0254,71.3,0.016104
-0.247866052028656,5000,17.4,0.0254,71.3,0.016104
-0.713174035315719,6300,17.4,0.0254,71.3,0.016104
-1.35822715856414,8000,17.4,0.0254,71.3,0.016104
-2.15765816411808,200,17.4,0.0254,55.5,0.0165706
-2.07938205478007,250,17.4,0.0254,55.5,0.0165706
-1.87354487837271,315,17.4,0.0254,55.5,0.0165706
-1.3589519373543,400,17.4,0.0254,55.5,0.0165706
-0.755935983935558,500,17.4,0.0254,55.5,0.0165706
-0.351509419022504,630,17.4,0.0254,55.5,0.0165706
-0.252939503559825,800,17.4,0.0254,55.5,0.0165706
0.168881752317233,1000,17.4,0.0254,55.5,0.0165706
0.647235753827294,1250,17.4,0.0254,55.5,0.0165706
0.237010958592908,1600,17.4,0.0254,55.5,0.0165706
0.0616144913725505,2000,17.4,0.0254,55.5,0.0165706
0.0137790912215444,2500,17.4,0.0254,55.5,0.0165706
-0.106534187946138,3150,17.4,0.0254,55.5,0.0165706
-0.444281104163849,4000,17.4,0.0254,55.5,0.0165706
-0.854505899398237,5000,17.4,0.0254,55.5,0.0165706
-1.44592539217432,6300,17.4,0.0254,55.5,0.0165706
-1.56435424648757,200,17.4,0.0254,39.6,0.0172206
-1.46723388860522,250,17.4,0.0254,39.6,0.0172206
-1.40490291265088,315,17.4,0.0254,39.6,0.0172206
-1.36141618524087,400,17.4,0.0254,39.6,0.0172206
-1.06135776611183,500,17.4,0.0254,39.6,0.0172206
-0.0466674598783639,630,17.4,0.0254,39.6,0.0172206
1.52030428446218,800,17.4,0.0254,39.6,0.0172206
1.94792377066057,1000,17.4,0.0254,39.6,0.0172206
0.946279482650103,1250,17.4,0.0254,39.6,0.0172206
0.40269539002503,1600,17.4,0.0254,39.6,0.0172206
0.262088304732679,2000,17.4,0.0254,39.6,0.0172206
-0.0988515327703707,2500,17.4,0.0254,39.6,0.0172206
-0.184375430010049,3150,17.4,0.0254,39.6,0.0172206
-0.306138266758064,4000,17.4,0.0254,39.6,0.0172206
-0.722161292313787,5000,17.4,0.0254,39.6,0.0172206
-1.25965724310146,200,17.4,0.0254,31.7,0.0176631
-1.14224307909444,250,17.4,0.0254,31.7,0.0176631
-0.930607672365748,315,17.4,0.0254,31.7,0.0176631
-0.589961640987368,400,17.4,0.0254,31.7,0.0176631
0.411682647023098,500,17.4,0.0254,31.7,0.0176631
1.74672517851027,630,17.4,0.0254,31.7,0.0176631
2.08592165230832,800,17.4,0.0254,31.7,0.0176631
1.00890037012051,1000,17.4,0.0254,31.7,0.0176631
0.503004774584112,1250,17.4,0.0254,31.7,0.0176631
0.291369367855416,1600,17.4,0.0254,31.7,0.0176631
-0.0695704696476338,2000,17.4,0.0254,31.7,0.0176631
-0.0971120636739704,2500,17.4,0.0254,31.7,0.0176631
-0.198581094297318,3150,17.4,0.0254,31.7,0.0176631
-0.411666058606346,4000,17.4,0.0254,31.7,0.0176631
-0.991489090739756,5000,17.4,0.0254,31.7,0.0176631
-1.3015494571731,315,22.2,0.0254,71.3,0.0214178
-1.00149103804406,400,22.2,0.0254,71.3,0.0214178
-0.995692807722723,500,22.2,0.0254,71.3,0.0214178
-0.605761818613005,630,22.2,0.0254,71.3,0.0214178
-0.233225520467288,800,22.2,0.0254,71.3,0.0214178
1.36418693306026,1000,22.2,0.0254,71.3,0.0214178
2.34118874220505,1250,22.2,0.0254,71.3,0.0214178
1.01194444103921,1600,22.2,0.0254,71.3,0.0214178
0.342248838925122,2000,22.2,0.0254,71.3,0.0214178
0.182797505088433,2500,22.2,0.0254,71.3,0.0214178
-0.102765338237271,3150,22.2,0.0254,71.3,0.0214178
-0.133206047424275,4000,22.2,0.0254,71.3,0.0214178
0.129163874616094,5000,22.2,0.0254,71.3,0.0214178
-0.247721096270624,6300,22.2,0.0254,71.3,0.0214178
-0.460806060579652,8000,22.2,0.0254,71.3,0.0214178
-1.27125370374413,200,22.2,0.0254,39.6,0.0229028
-1.0799121031401,250,22.2,0.0254,39.6,0.0229028
-0.597209428889037,315,22.2,0.0254,39.6,0.0229028
-0.205828882198985,400,22.2,0.0254,39.6,0.0229028
0.71608973889314,500,22.2,0.0254,39.6,0.0229028
1.76701898463495,630,22.2,0.0254,39.6,0.0229028
1.77426677253661,800,22.2,0.0254,39.6,0.0229028
0.518949907967778,1000,22.2,0.0254,39.6,0.0229028
0.233387064642074,1250,22.2,0.0254,39.6,0.0229028
-0.379775791839008,1600,22.2,0.0254,39.6,0.0229028
-0.518933319551026,2000,22.2,0.0254,39.6,0.0229028
-0.511685531649359,2500,22.2,0.0254,39.6,0.0229028
-0.576915622764368,3150,22.2,0.0254,39.6,0.0229028
-0.752312089984724,4000,22.2,0.0254,39.6,0.0229028
-0.872625369152406,5000,22.2,0.0254,39.6,0.0229028
-0.0987065770123367,630,0.0,0.1016,71.3,0.00121072
0.285426181776049,800,0.0,0.1016,71.3,0.00121072
0.578236813003418,1000,0.0,0.1016,71.3,0.00121072
0.797120007633783,1250,0.0,0.1016,71.3,0.00121072
0.998608511300141,1600,0.0,0.1016,71.3,0.00121072
1.05224214177248,2000,0.0,0.1016,71.3,0.00121072
1.12472002078916,2500,0.0,0.1016,71.3,0.00121072
1.03194833564782,3150,0.0,0.1016,71.3,0.00121072
0.884093462453794,4000,0.0,0.1016,71.3,0.00121072
0.863799656329123,5000,0.0,0.1016,71.3,0.00121072
0.660861595082432,6300,0.0,0.1016,71.3,0.00121072
0.0911854660113555,8000,0.0,0.1016,71.3,0.00121072
-0.221918971340686,10000,0.0,0.1016,71.3,0.00121072
-0.791595100411762,12500,0.0,0.1016,71.3,0.00121072
0.193379275424869,630,0.0,0.1016,55.5,0.00131983
0.447051851983236,800,0.0,0.1016,55.5,0.00131983
0.71956867708594,1000,0.0,0.1016,55.5,0.00131983
0.955846562680304,1250,0.0,0.1016,55.5,0.00131983
1.04571913266098,1600,0.0,0.1016,55.5,0.00131983
1.11674745409732,2000,0.0,0.1016,55.5,0.00131983
1.189225333114,2500,0.0,0.1016,55.5,0.00131983
1.00658107799198,3150,0.0,0.1016,55.5,0.00131983
0.676081949675933,4000,0.0,0.1016,55.5,0.00131983
0.510832385517913,5000,0.0,0.1016,55.5,0.00131983
0.419510257956899,6300,0.0,0.1016,55.5,0.00131983
-0.0559446283924974,8000,0.0,0.1016,55.5,0.00131983
-0.421233138636545,10000,0.0,0.1016,55.5,0.00131983
-0.714043769863919,12500,0.0,0.1016,55.5,0.00131983
0.0819082974972199,630,0.0,0.1016,39.6,0.00146332
0.51677557159728,800,0.0,0.1016,39.6,0.00146332
0.861770275716658,1000,0.0,0.1016,39.6,0.00146332
1.07775435518635,1250,0.0,0.1016,39.6,0.00146332
1.22126055563937,1600,0.0,0.1016,39.6,0.00146332
1.21981099805904,2000,0.0,0.1016,39.6,0.00146332
1.12703931291769,2500,0.0,0.1016,39.6,0.00146332
0.887862312162663,3150,0.0,0.1016,39.6,0.00146332
0.429802116777267,4000,0.0,0.1016,39.6,0.00146332
0.171780867477899,5000,0.0,0.1016,39.6,0.00146332
0.115248121844892,6300,0.0,0.1016,39.6,0.00146332
-0.361656322084839,8000,0.0,0.1016,39.6,0.00146332
-0.764633329417558,10000,0.0,0.1016,39.6,0.00146332
0.228603524626973,630,0.0,0.1016,31.7,0.00150092
0.611286725835024,800,0.0,0.1016,31.7,0.00150092
0.938886738990399,1000,0.0,0.1016,31.7,0.00150092
1.19255931554877,1250,0.0,0.1016,31.7,0.00150092
1.26358763698511,1600,0.0,0.1016,31.7,0.00150092
1.20560533377177,2000,0.0,0.1016,31.7,0.00150092
1.03890621203341,2500,0.0,0.1016,31.7,0.00150092
0.74464602322571,3150,0.0,0.1016,31.7,0.00150092
0.303980518804318,4000,0.0,0.1016,31.7,0.00150092
-0.0642071066003988,5000,0.0,0.1016,31.7,0.00150092
-0.0845009127250683,6300,0.0,0.1016,31.7,0.00150092
-0.67302129034048,8000,0.0,0.1016,31.7,0.00150092
-1.2963310498839,10000,0.0,0.1016,31.7,0.00150092
0.904242312820432,800,3.3,0.1016,71.3,0.00202822
0.956426385712436,1000,3.3,0.1016,71.3,0.00202822
1.08253789520145,1250,3.3,0.1016,71.3,0.00202822
1.27967772612681,1600,3.3,0.1016,71.3,0.00202822
1.33331135659915,2000,3.3,0.1016,71.3,0.00202822
1.31301755047448,2500,3.3,0.1016,71.3,0.00202822
1.05499630117512,3150,3.3,0.1016,71.3,0.00202822
0.560697166281385,4000,3.3,0.1016,71.3,0.00202822
0.321520165526353,5000,3.3,0.1016,71.3,0.00202822
0.0098652857546437,6300,3.3,0.1016,71.3,0.00202822
-0.522122346227761,8000,3.3,0.1016,71.3,0.00202822
-1.18022148769918,10000,3.3,0.1016,71.3,0.00202822
0.255565295621177,630,3.3,0.1016,55.5,0.002211
0.620853805865225,800,3.3,0.1016,55.5,0.002211
0.912214879512263,1000,3.3,0.1016,55.5,0.002211
1.14994232268696,1250,3.3,0.1016,55.5,0.002211
1.27750338975631,1600,3.3,0.1016,55.5,0.002211
1.27750338975631,2000,3.3,0.1016,55.5,0.002211
1.16733701365097,2500,3.3,0.1016,55.5,0.002211
0.839737000495587,3150,3.3,0.1016,55.5,0.002211
0.346887423182189,4000,3.3,0.1016,55.5,0.002211
0.0004431614824761,5000,3.3,0.1016,55.5,0.002211
-0.144512596550876,6300,3.3,0.1016,55.5,0.002211
-0.618517925319939,8000,3.3,0.1016,55.5,0.002211
-1.3302506972637,10000,3.3,0.1016,55.5,0.002211
0.350076449858923,630,3.3,0.1016,39.6,0.00245138
0.747255226870311,800,3.3,0.1016,39.6,0.00245138
1.03426762777635,1000,3.3,0.1016,39.6,0.00245138
1.21401276773771,1250,3.3,0.1016,39.6,0.00245138
1.19371896161303,1600,3.3,0.1016,39.6,0.00245138
1.08210302792735,2000,3.3,0.1016,39.6,0.00245138
0.863219833296991,2500,3.3,0.1016,39.6,0.00245138
0.51677557159728,3150,3.3,0.1016,39.6,0.00245138
0.0065313033198771,4000,3.3,0.1016,39.6,0.00245138
-0.357307649343839,5000,3.3,0.1016,39.6,0.00245138
-0.577640401554534,6300,3.3,0.1016,39.6,0.00245138
-0.977718293726588,8000,3.3,0.1016,39.6,0.00245138
-1.37924574347897,10000,3.3,0.1016,39.6,0.00245138
0.596646194273655,630,3.3,0.1016,31.7,0.00251435
0.945989571134035,800,3.3,0.1016,31.7,0.00251435
1.18516657188907,1000,3.3,0.1016,31.7,0.00251435
1.33157188750275,1250,3.3,0.1016,31.7,0.00251435
1.24169931752207,1600,3.3,0.1016,31.7,0.00251435
0.986577183383374,2000,3.3,0.1016,31.7,0.00251435
0.805382485841683,2500,3.3,0.1016,31.7,0.00251435
0.49517716365031,3150,3.3,0.1016,31.7,0.00251435
0.0023275863369104,4000,3.3,0.1016,31.7,0.00251435
-0.399199863415478,5000,3.3,0.1016,31.7,0.00251435
-0.599238809501504,6300,3.3,0.1016,31.7,0.00251435
-1.07324413827057,8000,3.3,0.1016,31.7,0.00251435
0.958455766324905,630,6.7,0.1016,71.3,0.00478288
1.39767171316596,800,6.7,0.1016,71.3,0.00478288
1.72817084148201,1000,6.7,0.1016,71.3,0.00478288
1.85863102371202,1250,6.7,0.1016,71.3,0.00478288
1.71657438083934,1600,6.7,0.1016,71.3,0.00478288
1.41071773138897,2000,6.7,0.1016,71.3,0.00478288
0.959905323905237,2500,6.7,0.1016,71.3,0.00478288
-0.0547849823282313,3150,6.7,0.1016,71.3,0.00478288
0.653323895664695,500,6.7,0.1016,55.5,0.0052139
1.18676108522743,630,6.7,0.1016,55.5,0.0052139
1.61148145626516,800,6.7,0.1016,55.5,0.0052139
1.79702482654785,1000,6.7,0.1016,55.5,0.0052139
1.74629031123618,1250,6.7,0.1016,55.5,0.0052139
1.27808321278844,1600,6.7,0.1016,55.5,0.0052139
0.698260180655034,2000,6.7,0.1016,55.5,0.0052139
-0.0816017975644018,2500,6.7,0.1016,55.5,0.0052139
0.501410261245741,400,6.7,0.1016,39.6,0.00578076
0.886992577614463,500,6.7,0.1016,39.6,0.00578076
1.23488639689451,630,6.7,0.1016,39.6,0.00578076
1.41898020959686,800,6.7,0.1016,39.6,0.00578076
1.40303507621319,1000,6.7,0.1016,39.6,0.00578076
1.09572886918249,1250,6.7,0.1016,39.6,0.00578076
0.368050963855059,1600,6.7,0.1016,39.6,0.00578076
-0.377021632436374,2000,6.7,0.1016,39.6,0.00578076
0.207295028196071,315,6.7,0.1016,31.7,0.00592927
0.501555217003775,400,6.7,0.1016,31.7,0.00592927
0.778420714847478,500,6.7,0.1016,31.7,0.00592927
1.05528621269119,630,6.7,0.1016,31.7,0.00592927
1.16690214637686,800,6.7,0.1016,31.7,0.00592927
0.985707448835173,1000,6.7,0.1016,31.7,0.00592927
0.640712744715795,1250,6.7,0.1016,31.7,0.00592927
-0.071020027227966,1600,6.7,0.1016,31.7,0.00592927
-0.636347483558042,2000,6.7,0.1016,31.7,0.00592927
1.25633984908344,200,8.9,0.1016,71.3,0.0103088
1.40564427985779,250,8.9,0.1016,71.3,0.0103088
1.70280358382617,315,8.9,0.1016,71.3,0.0103088
1.92603545119753,400,8.9,0.1016,71.3,0.0103088
1.98401775441087,500,8.9,0.1016,71.3,0.0103088
1.96952217860754,630,8.9,0.1016,71.3,0.0103088
1.88109916620719,800,8.9,0.1016,71.3,0.0103088
1.53610446208781,1000,8.9,0.1016,71.3,0.0103088
1.15342126087976,1250,8.9,0.1016,71.3,0.0103088
0.569249556005353,1600,8.9,0.1016,71.3,0.0103088
-0.0874000278857348,2000,8.9,0.1016,71.3,0.0103088
-0.17582304028608,2500,8.9,0.1016,71.3,0.0103088
-0.228007113178087,3150,8.9,0.1016,71.3,0.0103088
-0.665773502438813,4000,8.9,0.1016,71.3,0.0103088
-1.17601777071621,5000,8.9,0.1016,71.3,0.0103088
-1.09919121895854,6300,8.9,0.1016,71.3,0.0103088
1.24430852116667,200,8.9,0.1016,39.6,0.0124596
1.37766781855736,250,8.9,0.1016,39.6,0.0124596
1.52842180691205,315,8.9,0.1016,39.6,0.0124596
1.55161472819738,400,8.9,0.1016,39.6,0.0124596
1.29794215163901,500,8.9,0.1016,39.6,0.0124596
1.02687488411664,630,8.9,0.1016,39.6,0.0124596
0.88481824124396,800,8.9,0.1016,39.6,0.0124596
0.687678410318603,1000,8.9,0.1016,39.6,0.0124596
0.416611142796231,1250,8.9,0.1016,39.6,0.0124596
-0.147266755953511,1600,8.9,0.1016,39.6,0.0124596
-0.840155279352935,2000,8.9,0.1016,39.6,0.0124596
-0.818411915647933,2500,8.9,0.1016,39.6,0.0124596
-0.795218994362597,3150,8.9,0.1016,39.6,0.0124596
-1.24893051700699,4000,8.9,0.1016,39.6,0.0124596
-1.70409159723172,5000,8.9,0.1016,39.6,0.0124596
-1.69974292449072,6300,8.9,0.1016,39.6,0.0124596
0.83379381441622,200,12.3,0.1016,71.3,0.0337792
0.975850457288908,250,12.3,0.1016,71.3,0.0337792
1.77310712647235,315,12.3,0.1016,71.3,0.0337792
2.11520271543106,400,12.3,0.1016,71.3,0.0337792
2.2210204187954,500,12.3,0.1016,71.3,0.0337792
1.52668233781565,630,12.3,0.1016,71.3,0.0337792
0.359788485647157,800,12.3,0.1016,71.3,0.0337792
0.448211498047502,1000,12.3,0.1016,71.3,0.0337792
0.262668127764811,1250,12.3,0.1016,71.3,0.0337792
-0.0127478124985581,1600,12.3,0.1016,71.3,0.0337792
-0.37948588032294,2000,12.3,0.1016,71.3,0.0337792
-0.509946062552958,2500,12.3,0.1016,71.3,0.0337792
-0.585323056730301,3150,12.3,0.1016,71.3,0.0337792
-0.988300064063022,4000,12.3,0.1016,71.3,0.0337792
-1.26516556190672,5000,12.3,0.1016,71.3,0.0337792
-1.57682044167843,6300,12.3,0.1016,71.3,0.0337792
1.08253789520145,200,12.3,0.1016,55.5,0.0368233
1.22604409565447,250,12.3,0.1016,55.5,0.0368233
1.57103879977385,315,12.3,0.1016,55.5,0.0368233
1.67830606071853,400,12.3,0.1016,55.5,0.0368233
1.29562285951048,500,12.3,0.1016,55.5,0.0368233
-0.0858055145473685,630,12.3,0.1016,55.5,0.0368233
0.0403059949416489,800,12.3,0.1016,55.5,0.0368233
0.093939625413988,1000,12.3,0.1016,55.5,0.0368233
-0.0901541872883693,1250,12.3,0.1016,55.5,0.0368233
-0.436598448988082,1600,12.3,0.1016,55.5,0.0368233
-0.909154220176812,2000,12.3,0.1016,55.5,0.0368233
-1.12803741480717,2500,12.3,0.1016,55.5,0.0368233
-1.14833122093184,3150,12.3,0.1016,55.5,0.0368233
-1.51217017359556,4000,12.3,0.1016,55.5,0.0368233
-1.85861443529527,5000,12.3,0.1016,55.5,0.0368233
-2.13258081797831,6300,12.3,0.1016,55.5,0.0368233
0.537649200754079,200,12.3,0.1016,39.6,0.0408268
0.701449207331771,250,12.3,0.1016,39.6,0.0408268
0.663760710243097,315,12.3,0.1016,39.6,0.0408268
0.49706158850474,400,12.3,0.1016,39.6,0.0408268
-0.381370305177375,500,12.3,0.1016,39.6,0.0408268
-0.510380929827059,630,12.3,0.1016,39.6,0.0408268
-0.365425171793706,800,12.3,0.1016,39.6,0.0408268
-0.348030480829703,1000,12.3,0.1016,39.6,0.0408268
-0.53212429353206,1250,12.3,0.1016,39.6,0.0408268
-1.00902873746179,1600,12.3,0.1016,39.6,0.0408268
-1.5584110604082,2000,12.3,0.1016,39.6,0.0408268
-1.67002699409388,2500,12.3,0.1016,39.6,0.0408268
-1.70771549118255,3150,12.3,0.1016,39.6,0.0408268
-2.01937037095426,4000,12.3,0.1016,39.6,0.0408268
-2.3498694992703,5000,12.3,0.1016,39.6,0.0408268
-2.44264118441165,6300,12.3,0.1016,39.6,0.0408268
0.0218966136714117,200,12.3,0.1016,31.7,0.0418756
0.148008123160429,250,12.3,0.1016,31.7,0.0418756
-0.0172414409975929,315,12.3,0.1016,31.7,0.0418756
-0.236124635627956,400,12.3,0.1016,31.7,0.0418756
-0.894223777099376,500,12.3,0.1016,31.7,0.0418756
-0.804351207118696,630,12.3,0.1016,31.7,0.0418756
-0.695634388593682,800,12.3,0.1016,31.7,0.0418756
-0.733322885682354,1000,12.3,0.1016,31.7,0.0418756
-0.879728201296041,1250,12.3,0.1016,31.7,0.0418756
-1.50158840325912,1600,12.3,0.1016,31.7,0.0418756
-2.08576010813353,2000,12.3,0.1016,31.7,0.0418756
-2.10460435667787,2500,12.3,0.1016,31.7,0.0418756
-2.1060539142582,3150,12.3,0.1016,31.7,0.0418756
-2.38146985452157,4000,12.3,0.1016,31.7,0.0418756
-2.5641141096436,5000,12.3,0.1016,31.7,0.0418756
-2.5467194186796,6300,12.3,0.1016,31.7,0.0418756
0.878730099406559,200,15.6,0.1016,71.3,0.0437259
1.06137435452858,250,15.6,0.1016,71.3,0.0437259
1.30055135528361,315,15.6,0.1016,71.3,0.0437259
1.33679029479195,400,15.6,0.1016,71.3,0.0437259
0.841041602317889,500,15.6,0.1016,71.3,0.0437259
-0.369338977260607,630,15.6,0.1016,71.3,0.0437259
-0.0939230369972359,800,15.6,0.1016,71.3,0.0437259
-0.0576840974888977,1000,15.6,0.1016,71.3,0.0437259
-0.240328352610923,1250,15.6,0.1016,71.3,0.0437259
-0.479505353365953,1600,15.6,0.1016,71.3,0.0437259
-0.717232796540652,2000,15.6,0.1016,71.3,0.0437259
-0.846243421190336,2500,15.6,0.1016,71.3,0.0437259
-1.21298148901472,3150,15.6,0.1016,71.3,0.0437259
-1.67249124198045,4000,15.6,0.1016,71.3,0.0437259
-0.191623217911716,200,15.6,0.1016,39.6,0.0528487
-0.0278232113340267,250,15.6,0.1016,39.6,0.0528487
-0.301789594017063,315,15.6,0.1016,39.6,0.0528487
-0.630839164752775,400,15.6,0.1016,39.6,0.0528487
-1.38170999136554,500,15.6,0.1016,39.6,0.0528487
-0.97873298403282,630,15.6,0.1016,39.6,0.0528487
-0.85117191696347,800,15.6,0.1016,39.6,0.0528487
-0.813483419874798,1000,15.6,0.1016,39.6,0.0528487
-0.959888735488485,1250,15.6,0.1016,39.6,0.0528487
-1.49042680989055,1600,15.6,0.1016,39.6,0.0528487
-2.02096488429263,2000,15.6,0.1016,39.6,0.0528487
-2.11228701185364,2500,15.6,0.1016,39.6,0.0528487
-2.25869232746732,3150,15.6,0.1016,39.6,0.0528487
-2.64282508625571,4000,15.6,0.1016,39.6,0.0528487
-2.69790827430838,5000,15.6,0.1016,39.6,0.0528487
-2.99071890553576,6300,15.6,0.1016,39.6,0.0528487
