y,x1,x2,x3,x4,x5,x6,x7,x8
2.64412313656343,540.0,0.0,0.0,162.0,2.5,1040.0,676.0,28
1.56066332727952,540.0,0.0,0.0,162.0,2.5,1055.0,676.0,28
0.266497521935971,332.5,142.5,0.0,228.0,0.0,932.0,594.0,270
0.313188055153731,332.5,142.5,0.0,228.0,0.0,932.0,594.0,365
0.507731943561063,198.6,132.4,0.0,192.0,0.0,978.4,825.5,360
0.671148809823223,266.0,114.0,0.0,228.0,0.0,932.0,670.0,90
0.471816148778172,380.0,95.0,0.0,228.0,0.0,932.0,594.0,365
0.0378336284848914,380.0,95.0,0.0,228.0,0.0,932.0,594.0,28
0.600514413416868,266.0,114.0,0.0,228.0,0.0,932.0,670.0,28
0.207835057123914,475.0,0.0,0.0,228.0,0.0,932.0,594.0,28
0.1348062743987,198.6,132.4,0.0,192.0,0.0,978.4,825.5,90
-0.466783288214744,198.6,132.4,0.0,192.0,0.0,978.4,825.5,28
0.430512984777845,427.5,47.5,0.0,228.0,0.0,932.0,594.0,270
0.389808417357234,190.0,190.0,0.0,228.0,0.0,932.0,670.0,90
0.717839343040983,304.0,76.0,0.0,228.0,0.0,932.0,670.0,28
1.02312359869557,380.0,0.0,0.0,228.0,0.0,932.0,670.0,90
0.212025233181918,139.6,209.4,0.0,192.0,0.0,1047.0,806.9,90
1.21647029394347,342.0,38.0,0.0,228.0,0.0,932.0,670.0,365
0.283856822747703,380.0,95.0,0.0,228.0,0.0,932.0,594.0,90
0.407167718168965,475.0,0.0,0.0,228.0,0.0,932.0,594.0,180
0.360477184951206,427.5,47.5,0.0,228.0,0.0,932.0,594.0,180
-0.453614163461017,139.6,209.4,0.0,192.0,0.0,1047.0,806.9,28
-1.66158206132562,139.6,209.4,0.0,192.0,0.0,1047.0,806.9,3
0.50234457434363,139.6,209.4,0.0,192.0,0.0,1047.0,806.9,180
0.999778332086686,380.0,0.0,0.0,228.0,0.0,932.0,670.0,365
1.04646886530445,380.0,0.0,0.0,228.0,0.0,932.0,670.0,270
0.31917402095088,380.0,95.0,0.0,228.0,0.0,932.0,594.0,270
0.975834468898091,342.0,38.0,0.0,228.0,0.0,932.0,670.0,180
0.0964960932969484,427.5,47.5,0.0,228.0,0.0,932.0,594.0,28
0.166531893123588,475.0,0.0,0.0,228.0,0.0,932.0,594.0,7
1.16379379492856,304.0,76.0,0.0,228.0,0.0,932.0,670.0,365
1.02312359869557,266.0,114.0,0.0,228.0,0.0,932.0,670.0,365
0.353294025994627,198.6,132.4,0.0,192.0,0.0,978.4,825.5,180
0.377836485762937,475.0,0.0,0.0,228.0,0.0,932.0,594.0,270
1.06981413191333,190.0,190.0,0.0,228.0,0.0,932.0,670.0,365
0.155158558109005,237.5,237.5,0.0,228.0,0.0,932.0,594.0,270
-0.343472392793481,237.5,237.5,0.0,228.0,0.0,932.0,594.0,28
0.11385539410868,332.5,142.5,0.0,228.0,0.0,932.0,594.0,90
0.383822451560085,475.0,0.0,0.0,228.0,0.0,932.0,594.0,90
0.0258616968905938,237.5,237.5,0.0,228.0,0.0,932.0,594.0,180
0.876467436665423,342.0,38.0,0.0,228.0,0.0,932.0,670.0,90
0.471816148778172,427.5,47.5,0.0,228.0,0.0,932.0,594.0,365
0.190475756312183,237.5,237.5,0.0,228.0,0.0,932.0,594.0,365
1.03449693371015,380.0,0.0,0.0,228.0,0.0,932.0,670.0,180
0.34251928755976,427.5,47.5,0.0,228.0,0.0,932.0,594.0,90
-0.044174102936046,427.5,47.5,0.0,228.0,0.0,932.0,594.0,7
-1.24316305210493,349.0,0.0,0.0,192.0,0.0,1047.0,806.9,3
0.295828754342,380.0,95.0,0.0,228.0,0.0,932.0,594.0,180
-0.57213628624456,237.5,237.5,0.0,228.0,0.0,932.0,594.0,7
-0.179456929951606,380.0,95.0,0.0,228.0,0.0,932.0,594.0,7
0.237166289529943,332.5,142.5,0.0,228.0,0.0,932.0,594.0,180
0.665162844026074,190.0,190.0,0.0,228.0,0.0,932.0,670.0,180
-0.16149903256016,237.5,237.5,0.0,228.0,0.0,932.0,594.0,90
0.800445671041635,304.0,76.0,0.0,228.0,0.0,932.0,670.0,90
-1.27069849477181,139.6,209.4,0.0,192.0,0.0,1047.0,806.9,7
-1.26770551187324,198.6,132.4,0.0,192.0,0.0,978.4,825.5,7
0.36586455416864,475.0,0.0,0.0,228.0,0.0,932.0,594.0,365
-1.59753222729613,198.6,132.4,0.0,192.0,0.0,978.4,825.5,3
0.905798669071452,304.0,76.0,0.0,228.0,0.0,932.0,670.0,180
-0.167484998357309,332.5,142.5,0.0,228.0,0.0,932.0,594.0,28
1.11111729591365,304.0,76.0,0.0,228.0,0.0,932.0,670.0,270
0.952489202289211,266.0,114.0,0.0,228.0,0.0,932.0,670.0,270
-1.55323608039723,310.0,0.0,0.0,192.0,0.0,971.0,850.6,3
0.88843936825972,190.0,190.0,0.0,228.0,0.0,932.0,670.0,270
0.771114438635606,266.0,114.0,0.0,228.0,0.0,932.0,670.0,180
1.15182186333426,342.0,38.0,0.0,228.0,0.0,932.0,670.0,270
0.531675806749659,139.6,209.4,0.0,192.0,0.0,1047.0,806.9,360
-0.331500461199183,332.5,142.5,0.0,228.0,0.0,932.0,594.0,7
0.301814720139149,190.0,190.0,0.0,228.0,0.0,932.0,670.0,28
2.16524587279154,485.0,0.0,0.0,146.0,0.0,1120.0,800.0,28
-0.0848786703566571,374.0,189.2,0.0,170.1,10.1,926.1,756.7,3
-0.420092754996984,313.3,262.2,0.0,175.5,8.6,1046.9,611.8,3
-0.144738328328144,425.0,106.3,0.0,153.5,16.5,852.1,887.1,3
0.028854679789168,425.0,106.3,0.0,151.4,18.6,936.0,803.7,3
-0.408120823402686,375.0,93.8,0.0,126.6,23.4,852.1,992.6,3
0.118644166746398,475.0,118.8,0.0,181.1,8.9,852.1,781.5,3
0.262307345877967,469.0,117.2,0.0,137.8,32.2,852.1,840.5,3
-0.144738328328144,425.0,106.3,0.0,153.5,16.5,852.1,887.1,3
-0.461994515577025,388.6,97.1,0.0,157.9,12.1,852.1,925.7,3
0.328152969646603,531.3,0.0,0.0,141.8,28.2,852.1,893.7,3
-0.144738328328144,425.0,106.3,0.0,153.5,16.5,852.1,887.1,3
-0.635587523694337,318.8,212.5,0.0,155.7,14.3,852.1,880.4,3
0.316181038052306,401.8,94.7,0.0,147.4,11.4,946.8,852.1,3
-0.0310049781823189,362.6,189.0,0.0,164.9,11.6,944.7,755.8,3
-0.450022583982727,323.7,282.8,0.0,183.8,10.3,942.7,659.9,3
-0.432064686591281,379.5,151.2,0.0,153.9,15.9,1134.3,605.0,3
-0.0310049781823189,362.6,189.0,0.0,164.9,11.6,944.7,755.8,3
-0.683475250071526,286.3,200.9,0.0,144.7,11.2,1004.6,803.7,3
-0.0310049781823189,362.6,189.0,0.0,164.9,11.6,944.7,755.8,3
0.208433653703629,439.0,177.0,0.0,186.0,11.1,884.9,707.9,3
0.286251209066562,389.9,189.0,0.0,145.9,22.0,944.7,755.8,3
-0.0310049781823189,362.6,189.0,0.0,164.9,11.6,944.7,755.8,3
-0.701433147462972,337.9,189.0,0.0,174.9,9.5,944.7,755.8,3
0.621465293706889,374.0,189.2,0.0,170.1,10.1,926.1,756.7,7
0.417942456603833,313.3,262.2,0.0,175.5,8.6,1046.9,611.8,7
0.80104426762135,425.0,106.3,0.0,153.5,16.5,852.1,887.1,7
0.657381088489781,425.0,106.3,0.0,151.4,18.6,936.0,803.7,7
0.591535464721145,375.0,93.8,0.0,126.6,23.4,852.1,992.6,7
1.18414607863887,475.0,118.8,0.0,181.1,8.9,852.1,781.5,7
1.14224431805883,469.0,117.2,0.0,137.8,32.2,852.1,840.5,7
0.80104426762135,425.0,106.3,0.0,153.5,16.5,852.1,887.1,7
-0.0549488413709136,388.6,97.1,0.0,157.9,12.1,852.1,925.7,7
0.66336705428693,531.3,0.0,0.0,141.8,28.2,852.1,893.7,7
0.80104426762135,425.0,106.3,0.0,153.5,16.5,852.1,887.1,7
-0.144738328328144,318.8,212.5,0.0,155.7,14.3,852.1,880.4,7
1.09435659168164,401.8,94.7,0.0,147.4,11.4,946.8,852.1,7
1.20210397603031,362.6,189.0,0.0,164.9,11.6,944.7,755.8,7
0.836960062404242,323.7,282.8,0.0,183.8,10.3,942.7,659.9,7
0.675338985881227,379.5,151.2,0.0,153.9,15.9,1134.3,605.0,7
1.20210397603031,362.6,189.0,0.0,164.9,11.6,944.7,755.8,7
0.130616098340696,286.3,200.9,0.0,144.7,11.2,1004.6,803.7,7
1.20210397603031,362.6,189.0,0.0,164.9,11.6,944.7,755.8,7
1.21407590762461,439.0,177.0,0.0,186.0,11.1,884.9,707.9,7
1.39305628495936,389.9,189.0,0.0,145.9,22.0,944.7,755.8,7
-0.773264737028757,362.6,189.0,0.0,164.9,11.6,944.7,755.8,7
-0.042976909776616,337.9,189.0,0.0,174.9,9.5,944.7,755.8,7
1.51277560090233,374.0,189.2,0.0,170.1,10.1,926.1,756.7,28
1.43555664211911,313.3,262.2,0.0,175.5,8.6,1046.9,611.8,28
1.46488787452514,425.0,106.3,0.0,153.5,16.5,852.1,887.1,28
1.55527595806208,425.0,106.3,0.0,151.4,18.6,936.0,803.7,28
1.2499917024075,375.0,93.8,0.0,126.6,23.4,852.1,992.6,28
1.94436373487675,475.0,118.8,0.0,181.1,8.9,852.1,781.5,28
1.86056021371667,469.0,117.2,0.0,137.8,32.2,852.1,840.5,28
1.46488787452514,425.0,106.3,0.0,153.5,16.5,852.1,887.1,28
0.89083375457858,388.6,97.1,0.0,157.9,12.1,852.1,925.7,28
1.23203380501606,531.3,0.0,0.0,141.8,28.2,852.1,893.7,28
1.46488787452514,425.0,106.3,0.0,153.5,16.5,852.1,887.1,28
1.17816011284172,318.8,212.5,0.0,155.7,14.3,852.1,880.4,28
1.95633566647105,401.8,94.7,0.0,147.4,11.4,946.8,852.1,28
2.12394270879121,362.6,189.0,0.0,164.9,11.6,944.7,755.8,28
2.32746554589427,323.7,282.8,0.0,183.8,10.3,942.7,659.9,28
0.98062324153581,379.5,151.2,0.0,153.9,15.9,1134.3,605.0,28
2.12394270879121,362.6,189.0,0.0,164.9,11.6,944.7,755.8,28
1.90844794009386,286.3,200.9,0.0,144.7,11.2,1004.6,803.7,28
2.12394270879121,362.6,189.0,0.0,164.9,11.6,944.7,755.8,28
1.80668652154233,439.0,177.0,0.0,186.0,11.1,884.9,707.9,28
2.31549361429997,389.9,189.0,0.0,145.9,22.0,944.7,755.8,28
2.12394270879121,362.6,189.0,0.0,164.9,11.6,944.7,755.8,28
0.84294602820139,337.9,189.0,0.0,174.9,9.5,944.7,755.8,28
1.65105141081646,374.0,189.2,0.0,170.1,10.1,926.1,756.7,56
1.74084089777369,313.3,262.2,0.0,175.5,8.6,1046.9,611.8,56
1.7049251029908,425.0,106.3,0.0,153.5,16.5,852.1,887.1,56
1.74084089777369,425.0,106.3,0.0,151.4,18.6,936.0,803.7,56
1.45950050530771,375.0,93.8,0.0,126.6,23.4,852.1,992.6,56
2.1838023667627,475.0,118.8,0.0,181.1,8.9,852.1,781.5,56
2.00422339284824,469.0,117.2,0.0,137.8,32.2,852.1,840.5,56
1.7049251029908,425.0,106.3,0.0,153.5,16.5,852.1,887.1,56
1.16020221545027,388.6,97.1,0.0,157.9,12.1,852.1,925.7,56
1.37569698414762,531.3,0.0,0.0,141.8,28.2,852.1,893.7,56
1.7049251029908,425.0,106.3,0.0,153.5,16.5,852.1,887.1,56
1.81267248733948,318.8,212.5,0.0,155.7,14.3,852.1,880.4,56
2.26760588792278,401.8,94.7,0.0,147.4,11.4,946.8,852.1,56
2.48310065662013,362.6,189.0,0.0,164.9,11.6,944.7,755.8,56
2.65669366473744,323.7,282.8,0.0,183.8,10.3,942.7,659.9,56
1.14224431805883,379.5,151.2,0.0,153.9,15.9,1134.3,605.0,56
2.48310065662013,362.6,189.0,0.0,164.9,11.6,944.7,755.8,56
2.22510553076302,286.3,200.9,0.0,144.7,11.2,1004.6,803.7,56
2.48310065662013,362.6,189.0,0.0,164.9,11.6,944.7,755.8,56
2.14788657197981,439.0,177.0,0.0,186.0,11.1,884.9,707.9,56
2.60880593836026,389.9,189.0,0.0,145.9,22.0,944.7,755.8,56
2.48310065662013,362.6,189.0,0.0,164.9,11.6,944.7,755.8,56
1.44094401133654,337.9,189.0,0.0,174.9,9.5,944.7,755.8,56
1.74084089777369,374.0,189.2,0.0,170.1,10.1,926.1,756.7,91
1.84260231632522,313.3,262.2,0.0,175.5,8.6,1046.9,611.8,91
1.75879879516514,425.0,106.3,0.0,153.5,16.5,852.1,887.1,91
1.84858828212237,425.0,106.3,0.0,151.4,18.6,936.0,803.7,91
1.59717771864213,375.0,93.8,0.0,126.6,23.4,852.1,992.6,91
2.29693712032881,475.0,118.8,0.0,181.1,8.9,852.1,781.5,91
2.08802691400832,469.0,117.2,0.0,137.8,32.2,852.1,840.5,91
1.75879879516514,425.0,106.3,0.0,153.5,16.5,852.1,887.1,91
1.30386539458184,388.6,97.1,0.0,157.9,12.1,852.1,925.7,91
1.39964084733622,531.3,0.0,0.0,141.8,28.2,852.1,893.7,91
1.75879879516514,425.0,106.3,0.0,153.5,16.5,852.1,887.1,91
1.93239180328245,318.8,212.5,0.0,155.7,14.3,852.1,880.4,91
2.37535327227146,401.8,94.7,0.0,147.4,11.4,946.8,852.1,91
2.60281997256311,362.6,189.0,0.0,164.9,11.6,944.7,755.8,91
1.2380197708132,379.5,151.2,0.0,153.9,15.9,1134.3,605.0,91
2.60281997256311,362.6,189.0,0.0,164.9,11.6,944.7,755.8,91
2.45317082763439,286.3,200.9,0.0,144.7,11.2,1004.6,803.7,91
2.60281997256311,362.6,189.0,0.0,164.9,11.6,944.7,755.8,91
2.24366202473418,439.0,177.0,0.0,186.0,11.1,884.9,707.9,91
2.80035684386901,389.9,189.0,0.0,145.9,22.0,944.7,755.8,91
2.60281997256311,362.6,189.0,0.0,164.9,11.6,944.7,755.8,91
1.91443390589101,337.9,189.0,0.0,174.9,9.5,944.7,755.8,91
-1.45087606526599,222.4,0.0,96.7,189.3,4.5,967.1,870.3,3
-0.680482267172952,222.4,0.0,96.7,189.3,4.5,967.1,870.3,14
-0.654144017665498,222.4,0.0,96.7,189.3,4.5,967.1,870.3,28
-0.381183977315517,222.4,0.0,96.7,189.3,4.5,967.1,870.3,56
0.292835771443426,222.4,0.0,96.7,189.3,4.5,967.1,870.3,100
-1.52270765483177,233.8,0.0,94.6,197.9,4.6,947.0,852.2,3
-0.818758077087087,233.8,0.0,94.6,197.9,4.6,947.0,852.2,14
-0.776856316507046,233.8,0.0,94.6,197.9,4.6,947.0,852.2,28
-0.488332765084479,233.8,0.0,94.6,197.9,4.6,947.0,852.2,56
-0.0753011250812189,233.8,0.0,94.6,197.9,4.6,947.0,852.2,100
-1.3987981628308,194.7,0.0,100.5,165.6,7.5,1006.4,905.9,3
-0.648158051868349,194.7,0.0,100.5,165.6,7.5,1006.4,905.9,14
-0.604460501549164,194.7,0.0,100.5,165.6,7.5,1006.4,905.9,28
-0.111216919864111,194.7,0.0,100.5,165.6,7.5,1006.4,905.9,56
0.0911087240795148,194.7,0.0,100.5,165.6,7.5,1006.4,905.9,100
-1.24376164868464,190.7,0.0,125.4,162.1,7.8,1090.0,804.0,3
-0.883406507696293,190.7,0.0,125.4,162.1,7.8,1090.0,804.0,14
-0.563755934128553,190.7,0.0,125.4,162.1,7.8,1090.0,804.0,28
-0.0286105918634591,190.7,0.0,125.4,162.1,7.8,1090.0,804.0,56
0.284455419327417,190.7,0.0,125.4,162.1,7.8,1090.0,804.0,100
-1.39760096967137,212.1,0.0,121.6,180.3,5.7,1057.6,779.3,3
-0.891786859812301,212.1,0.0,121.6,180.3,5.7,1057.6,779.3,14
-0.653545421085783,212.1,0.0,121.6,180.3,5.7,1057.6,779.3,28
-0.0968506019509542,212.1,0.0,121.6,180.3,5.7,1057.6,779.3,56
0.22699014767479,212.1,0.0,121.6,180.3,5.7,1057.6,779.3,100
-1.54365853512179,230.0,0.0,118.3,195.5,4.6,1029.4,758.6,3
-0.94206897250835,230.0,0.0,118.3,195.5,4.6,1029.4,758.6,14
-0.678686477433807,230.0,0.0,118.3,195.5,4.6,1029.4,758.6,28
-0.25607729215511,230.0,0.0,118.3,195.5,4.6,1029.4,758.6,56
-0.0286105918634591,230.0,0.0,118.3,195.5,4.6,1029.4,758.6,100
-1.57837713674526,190.3,0.0,125.2,161.9,9.9,1088.1,802.6,3
-0.784039475463624,190.3,0.0,125.2,161.9,9.9,1088.1,802.6,14
-0.439846442127575,190.3,0.0,125.2,161.9,9.9,1088.1,802.6,28
0.164137506804729,190.3,0.0,125.2,161.9,9.9,1088.1,802.6,56
0.27368068089255,190.3,0.0,125.2,161.9,9.9,1088.1,802.6,100
-1.49996098480261,166.1,0.0,163.3,176.5,4.5,1058.6,780.1,3
-0.61882681946232,166.1,0.0,163.3,176.5,4.5,1058.6,780.1,14
-0.854673871869979,166.1,0.0,163.3,176.5,4.5,1058.6,780.1,28
-0.430268896852137,166.1,0.0,163.3,176.5,4.5,1058.6,780.1,56
-0.136357976212136,166.1,0.0,163.3,176.5,4.5,1058.6,780.1,100
-1.68013855529678,168.0,42.1,163.8,121.8,5.7,1058.7,780.1,3
-1.07735179952391,168.0,42.1,163.8,121.8,5.7,1058.7,780.1,14
-0.693052795346964,168.0,42.1,163.8,121.8,5.7,1058.7,780.1,28
-0.177661140212462,168.0,42.1,163.8,121.8,5.7,1058.7,780.1,56
0.204243477645625,168.0,42.1,163.8,121.8,5.7,1058.7,780.1,100
-1.06657706108904,213.7,98.1,24.5,181.7,6.9,1065.8,785.4,3
-0.32491589882232,213.7,98.1,24.5,181.7,6.9,1065.8,785.4,14
0.59213406130086,213.7,98.1,24.5,181.7,6.9,1065.8,785.4,28
0.895023930636584,213.7,98.1,24.5,181.7,6.9,1065.8,785.4,56
1.08238466008734,213.7,98.1,24.5,181.7,6.9,1065.8,785.4,100
-1.35510061251161,213.8,98.1,24.5,181.7,6.7,1066.0,785.5,3
-1.07615460636448,213.8,98.1,24.5,181.7,6.7,1066.0,785.5,14
0.264103135617112,213.8,98.1,24.5,181.7,6.7,1066.0,785.5,28
0.677134775620372,213.8,98.1,24.5,181.7,6.7,1066.0,785.5,56
0.847136204259394,213.8,98.1,24.5,181.7,6.7,1066.0,785.5,100
-1.34432587407674,229.7,0.0,118.2,195.2,6.1,1028.1,757.6,3
-0.807983338652219,229.7,0.0,118.2,195.2,6.1,1028.1,757.6,14
-0.675094897955518,229.7,0.0,118.2,195.2,6.1,1028.1,757.6,28
-0.267450627169692,229.7,0.0,118.2,195.2,6.1,1028.1,757.6,56
0.301814720139149,229.7,0.0,118.2,195.2,6.1,1028.1,757.6,100
-0.951047921204073,238.1,0.0,94.1,186.7,7.0,949.9,847.0,3
-0.606256291288308,238.1,0.0,94.1,186.7,7.0,949.9,847.0,14
-0.334493444097757,238.1,0.0,94.1,186.7,7.0,949.9,847.0,28
0.22579295451536,238.1,0.0,94.1,186.7,7.0,949.9,847.0,56
0.507731943561063,238.1,0.0,94.1,186.7,7.0,949.9,847.0,100
-1.31679043140986,250.0,0.0,95.7,187.4,5.5,956.9,861.2,3
-0.652348227926353,250.0,0.0,95.7,187.4,5.5,956.9,861.2,14
-0.394951698648959,250.0,0.0,95.7,187.4,5.5,956.9,861.2,28
0.150369785471287,250.0,0.0,95.7,187.4,5.5,956.9,861.2,56
0.391005610516664,250.0,0.0,95.7,187.4,5.5,956.9,861.2,100
-1.33355113564187,212.5,0.0,100.4,159.3,8.7,1007.8,903.6,3
-0.569143303345986,212.5,0.0,100.4,159.3,8.7,1007.8,903.6,14
-0.250091326357961,212.5,0.0,100.4,159.3,8.7,1007.8,903.6,28
0.402977542110961,212.5,0.0,100.4,159.3,8.7,1007.8,903.6,56
0.425125615560412,212.5,0.0,100.4,159.3,8.7,1007.8,903.6,100
-1.34612166381589,212.6,0.0,100.4,159.4,10.4,1003.8,903.8,3
-0.625411381839184,212.6,0.0,100.4,159.4,10.4,1003.8,903.8,14
0.0947003035578037,212.6,0.0,100.4,159.4,10.4,1003.8,903.8,28
0.513717909358212,212.6,0.0,100.4,159.4,10.4,1003.8,903.8,56
0.713649166982979,212.6,0.0,100.4,159.4,10.4,1003.8,903.8,100
-0.975590380972382,212.0,0.0,124.8,159.0,7.8,1085.4,799.5,3
-0.267450627169692,212.0,0.0,124.8,159.0,7.8,1085.4,799.5,14
0.160545927326439,212.0,0.0,124.8,159.0,7.8,1085.4,799.5,28
0.554422476778823,212.0,0.0,124.8,159.0,7.8,1085.4,799.5,56
0.718437939620698,212.0,0.0,124.8,159.0,7.8,1085.4,799.5,100
-1.21981778549605,231.8,0.0,121.6,174.0,6.7,1056.4,778.5,3
-0.541607860679102,231.8,0.0,121.6,174.0,6.7,1056.4,778.5,14
-0.124984641197553,231.8,0.0,121.6,174.0,6.7,1056.4,778.5,28
0.411956490806685,231.8,0.0,121.6,174.0,6.7,1056.4,778.5,56
0.599915816837154,231.8,0.0,121.6,174.0,6.7,1056.4,778.5,100
-1.1132675943068,251.4,0.0,118.3,188.5,5.8,1028.4,757.7,3
-0.352451341489204,251.4,0.0,118.3,188.5,5.8,1028.4,757.7,14
-0.36921204572122,251.4,0.0,118.3,188.5,5.8,1028.4,757.7,28
0.0689606506300644,251.4,0.0,118.3,188.5,5.8,1028.4,757.7,56
0.464632989821593,251.4,0.0,118.3,188.5,5.8,1028.4,757.7,100
-1.3586921919899,251.4,0.0,118.3,188.5,6.4,1028.4,757.7,3
-0.681679460332382,251.4,0.0,118.3,188.5,6.4,1028.4,757.7,14
-0.189034475227044,251.4,0.0,118.3,188.5,6.4,1028.4,757.7,28
0.0492069634994738,251.4,0.0,118.3,188.5,6.4,1028.4,757.7,56
0.50234457434363,251.4,0.0,118.3,188.5,6.4,1028.4,757.7,100
-1.32876236300416,181.4,0.0,167.0,169.6,7.6,1055.6,777.8,3
-0.85108229239169,181.4,0.0,167.0,169.6,7.6,1055.6,777.8,14
-0.481748202707615,181.4,0.0,167.0,169.6,7.6,1055.6,777.8,28
-0.0148428705300173,181.4,0.0,167.0,169.6,7.6,1055.6,777.8,56
0.571781777590554,181.4,0.0,167.0,169.6,7.6,1055.6,777.8,100
-1.70587820822452,182.0,45.2,122.0,170.2,8.2,1059.4,780.7,3
-0.857068258188838,182.0,45.2,122.0,170.2,8.2,1059.4,780.7,14
-0.272239399807411,182.0,45.2,122.0,170.2,8.2,1059.4,780.7,28
0.459844217183874,182.0,45.2,122.0,170.2,8.2,1059.4,780.7,56
0.769318648896462,182.0,45.2,122.0,170.2,8.2,1059.4,780.7,100
-1.7010894355868,168.9,42.2,124.3,158.3,10.8,1080.8,796.2,3
-0.736750345666149,168.9,42.2,124.3,158.3,10.8,1080.8,796.2,14
-0.281218348503134,168.9,42.2,124.3,158.3,10.8,1080.8,796.2,28
0.199454705007906,168.9,42.2,124.3,158.3,10.8,1080.8,796.2,56
0.738191626751288,168.9,42.2,124.3,158.3,10.8,1080.8,796.2,100
-0.797208600217351,290.4,0.0,96.2,168.1,9.4,961.2,865.0,3
-0.0687165627043554,290.4,0.0,96.2,168.1,9.4,961.2,865.0,14
-0.0645263866463513,290.4,0.0,96.2,168.1,9.4,961.2,865.0,28
0.554422476778823,290.4,0.0,96.2,168.1,9.4,961.2,865.0,56
0.787276546287908,290.4,0.0,96.2,168.1,9.4,961.2,865.0,100
-0.7588984191156,277.1,0.0,97.4,160.6,11.8,973.9,875.6,3
0.36347016784978,277.1,0.0,97.4,160.6,11.8,973.9,875.6,14
0.745973382287582,277.1,0.0,97.4,160.6,11.8,973.9,875.6,28
0.911186038288885,277.1,0.0,97.4,160.6,11.8,973.9,875.6,56
1.18654046495773,277.1,0.0,97.4,160.6,11.8,973.9,875.6,100
-0.770271754130182,295.7,0.0,95.6,171.5,8.9,955.1,859.2,3
-0.035195154240323,295.7,0.0,95.6,171.5,8.9,955.1,859.2,14
0.24674383480538,295.7,0.0,95.6,171.5,8.9,955.1,859.2,28
0.772311631795036,295.7,0.0,95.6,171.5,8.9,955.1,859.2,56
0.971045696260372,295.7,0.0,95.6,171.5,8.9,955.1,859.2,100
-0.885800894015152,251.8,0.0,99.9,146.1,12.4,1006.0,899.8,3
-0.147132714647003,251.8,0.0,99.9,146.1,12.4,1006.0,899.8,14
-0.112414113023541,251.8,0.0,99.9,146.1,12.4,1006.0,899.8,28
0.498154398285626,251.8,0.0,99.9,146.1,12.4,1006.0,899.8,56
0.571781777590554,251.8,0.0,99.9,146.1,12.4,1006.0,899.8,100
-1.22460655813377,249.1,0.0,98.8,158.1,12.8,987.8,889.0,3
-0.427275913953562,249.1,0.0,98.8,158.1,12.8,987.8,889.0,14
-0.297380456155436,249.1,0.0,98.8,158.1,12.8,987.8,889.0,28
0.371850519965788,249.1,0.0,98.8,158.1,12.8,987.8,889.0,56
0.912383231448315,249.1,0.0,98.8,158.1,12.8,987.8,889.0,100
-0.840307553956822,252.3,0.0,98.8,146.3,14.2,987.8,889.0,3
0.387414031038375,252.3,0.0,98.8,146.3,14.2,987.8,889.0,14
0.884847788781431,252.3,0.0,98.8,146.3,14.2,987.8,889.0,28
1.19791379997231,252.3,0.0,98.8,146.3,14.2,987.8,889.0,56
1.50439524878632,252.3,0.0,98.8,146.3,14.2,987.8,889.0,100
-0.736151749086435,246.8,0.0,125.1,143.3,12.0,1086.8,800.9,3
0.383223854980371,246.8,0.0,125.1,143.3,12.0,1086.8,800.9,14
0.998581138927256,246.8,0.0,125.1,143.3,12.0,1086.8,800.9,28
1.46668366426428,246.8,0.0,125.1,143.3,12.0,1086.8,800.9,56
1.83182757789035,246.8,0.0,125.1,143.3,12.0,1086.8,800.9,100
-0.719391044854418,275.1,0.0,121.4,159.5,9.9,1053.6,777.5,3
0.176708034978741,275.1,0.0,121.4,159.5,9.9,1053.6,777.5,14
0.928545339100617,275.1,0.0,121.4,159.5,9.9,1053.6,777.5,28
1.25897065110322,275.1,0.0,121.4,159.5,9.9,1053.6,777.5,56
1.36432364913304,275.1,0.0,121.4,159.5,9.9,1053.6,777.5,100
-0.832525798420529,297.2,0.0,117.5,174.8,9.5,1022.8,753.5,3
0.0701578437894943,297.2,0.0,117.5,174.8,9.5,1022.8,753.5,14
0.693296883272673,297.2,0.0,117.5,174.8,9.5,1022.8,753.5,28
0.966256923622654,297.2,0.0,117.5,174.8,9.5,1022.8,753.5,56
1.25238608872636,297.2,0.0,117.5,174.8,9.5,1022.8,753.5,100
-1.09231671401678,213.7,0.0,174.7,154.8,10.2,1053.5,776.4,3
-0.124984641197553,213.7,0.0,174.7,154.8,10.2,1053.5,776.4,14
0.259314362979393,213.7,0.0,174.7,154.8,10.2,1053.5,776.4,28
0.647803543214343,213.7,0.0,174.7,154.8,10.2,1053.5,776.4,56
0.853720766636258,213.7,0.0,174.7,154.8,10.2,1053.5,776.4,100
-1.10428864561108,213.5,0.0,174.2,154.6,11.7,1052.3,775.5,3
-0.126780430936698,213.5,0.0,174.2,154.6,11.7,1052.3,775.5,14
0.605901782634302,213.5,0.0,174.2,154.6,11.7,1052.3,775.5,28
0.934531304897765,213.5,0.0,174.2,154.6,11.7,1052.3,775.5,56
1.40562681313337,213.5,0.0,174.2,154.6,11.7,1052.3,775.5,100
-0.32132431934403,277.2,97.8,24.5,160.7,11.2,1061.7,782.5,3
0.711853377243834,277.2,97.8,24.5,160.7,11.2,1061.7,782.5,14
1.63548789974388,277.2,97.8,24.5,160.7,11.2,1061.7,782.5,28
1.85577144107895,277.2,97.8,24.5,160.7,11.2,1061.7,782.5,56
1.86355319661524,277.2,97.8,24.5,160.7,11.2,1061.7,782.5,100
-0.502699082997636,218.2,54.6,123.8,140.8,11.9,1075.7,792.7,3
0.0085023960788626,218.2,54.6,123.8,140.8,11.9,1075.7,792.7,14
1.17875870942143,218.2,54.6,123.8,140.8,11.9,1075.7,792.7,28
1.56664929307667,218.2,54.6,123.8,140.8,11.9,1075.7,792.7,56
1.65883316635276,218.2,54.6,123.8,140.8,11.9,1075.7,792.7,100
-1.06537986792961,214.9,53.8,121.9,155.6,9.6,1014.3,780.6,3
0.166531893123588,214.9,53.8,121.9,155.6,9.6,1014.3,780.6,14
0.98062324153581,214.9,53.8,121.9,155.6,9.6,1014.3,780.6,28
1.08597623956563,214.9,53.8,121.9,155.6,9.6,1014.3,780.6,56
1.2458015263495,214.9,53.8,121.9,155.6,9.6,1014.3,780.6,100
-1.2258037512932,218.9,0.0,124.1,158.5,11.3,1078.7,794.9,3
-0.584706814418573,218.9,0.0,124.1,158.5,11.3,1078.7,794.9,14
-0.335092040677472,218.9,0.0,124.1,158.5,11.3,1078.7,794.9,28
0.0869185480215107,218.9,0.0,124.1,158.5,11.3,1078.7,794.9,56
0.623261083446033,218.9,0.0,124.1,158.5,11.3,1078.7,794.9,100
-1.1695356728,376.0,0.0,0.0,214.6,0.0,1003.5,762.4,3
-0.610446467346312,376.0,0.0,0.0,214.6,0.0,1003.5,762.4,14
-0.23033763922737,376.0,0.0,0.0,214.6,0.0,1003.5,762.4,28
0.028854679789168,376.0,0.0,0.0,214.6,0.0,1003.5,762.4,56
0.43350596767642,376.0,0.0,0.0,214.6,0.0,1003.5,762.4,100
1.90066618455756,500.0,0.0,0.0,140.0,4.0,966.0,853.0,28
1.28171732113239,475.0,0.0,59.0,142.0,1.9,1098.0,641.0,28
2.74947613459325,315.0,137.0,0.0,145.0,5.9,1130.0,745.0,28
1.68816439875879,505.0,0.0,60.0,195.0,0.0,1030.0,630.0,28
2.57289014357736,451.0,0.0,0.0,165.0,11.3,1030.0,745.0,28
0.332343145704607,516.0,0.0,0.0,162.0,8.2,801.0,802.0,28
1.46428927794542,520.0,0.0,0.0,170.0,5.2,855.0,855.0,28
1.25777345794379,528.0,0.0,0.0,185.0,6.9,920.0,720.0,28
0.909988845129456,520.0,0.0,0.0,175.0,5.2,870.0,805.0,28
1.18115309574029,385.0,0.0,136.0,158.0,20.0,903.0,768.0,28
0.497555801705911,500.1,0.0,0.0,200.0,3.0,1124.4,613.2,28
0.213222426341348,450.1,50.0,0.0,200.0,3.0,1124.4,613.2,28
1.18713906153744,397.0,17.2,158.0,167.0,20.8,967.0,633.0,28
0.686113724316095,333.0,17.5,163.0,167.0,17.9,996.0,652.0,28
0.509527733300208,334.0,17.6,158.0,189.0,15.3,967.0,633.0,28
0.986609207332959,405.0,0.0,0.0,175.0,0.0,1120.0,695.0,28
0.804037250519924,200.0,200.0,0.0,190.0,0.0,1145.0,660.0,28
0.332343145704607,516.0,0.0,0.0,162.0,8.3,801.0,802.0,28
-0.398543278127248,145.0,116.0,119.0,184.0,5.7,833.0,880.0,28
0.214419619500778,160.0,128.0,122.0,182.0,6.4,824.0,879.0,28
0.208433653703629,234.0,156.0,0.0,189.0,5.9,981.0,760.0,28
1.91862408194901,250.0,180.0,95.0,159.0,9.5,860.0,800.0,28
1.35893627991561,475.0,0.0,0.0,162.0,9.5,1044.0,662.0,28
1.06322956953646,285.0,190.0,0.0,163.0,7.6,1031.0,685.0,28
1.38766891574192,356.0,119.0,0.0,160.0,9.0,1061.0,657.0,28
2.41964941917036,275.0,180.0,120.0,162.0,10.4,830.0,765.0,28
2.03654760815284,500.0,0.0,0.0,151.0,9.0,1033.0,655.0,28
-1.2820718297864,165.0,0.0,143.6,163.8,0.0,1005.6,900.9,3
-0.981576346769531,165.0,128.5,132.1,175.1,8.1,1005.8,746.6,3
-0.903160194826883,178.0,129.8,118.6,179.9,3.6,1007.3,746.8,3
-1.24974761448179,167.4,129.9,128.6,175.5,7.8,1006.3,746.6,3
-0.869638786362851,172.4,13.6,172.4,156.8,4.1,1006.3,856.4,3
-0.762489998593889,173.5,50.1,173.5,164.8,6.5,1006.2,793.5,3
-1.21502901285833,167.0,75.4,167.0,164.0,7.9,1007.3,770.1,3
-1.19707111546688,173.8,93.4,159.9,172.3,9.7,1007.2,746.6,3
-1.39281219703365,190.3,0.0,125.2,166.6,9.9,1079.0,798.9,3
-1.63584240839788,250.0,0.0,95.7,191.8,5.3,948.9,857.2,3
-1.2096416436409,213.5,0.0,174.2,159.2,11.7,1043.6,771.9,3
-1.4149602704831,194.7,0.0,100.5,170.2,7.5,998.0,901.8,3
-1.42693220207739,251.4,0.0,118.3,192.9,5.8,1043.6,754.3,3
-1.13361987801711,165.0,0.0,143.6,163.8,0.0,1005.6,900.9,14
-0.163294822299305,165.0,128.5,132.1,175.1,8.1,1005.8,746.6,14
-0.0944562156320948,178.0,129.8,118.6,179.9,3.6,1007.3,746.8,14
-0.239915184502808,167.4,129.9,128.6,175.5,7.8,1006.3,746.6,14
-0.363226079924071,172.4,13.6,172.4,156.8,4.1,1006.3,856.4,14
-0.168083594937024,173.5,50.1,173.5,164.8,6.5,1006.2,793.5,14
-0.174668157313887,167.0,75.4,167.0,164.0,7.9,1007.3,770.1,14
-0.375198011518369,173.8,93.4,159.9,172.3,9.7,1007.2,746.6,14
-0.981576346769531,190.3,0.0,125.2,166.6,9.9,1079.0,798.9,14
-0.66791173899894,250.0,0.0,95.7,191.8,5.3,948.9,857.2,14
-0.372803625199509,213.5,0.0,174.2,159.2,11.7,1043.6,771.9,14
-0.690658409028105,194.7,0.0,100.5,170.2,7.5,998.0,901.8,14
-0.903160194826883,251.4,0.0,118.3,192.9,5.8,1043.6,754.3,14
-0.57572786572285,165.0,0.0,143.6,163.8,0.0,1005.6,900.9,28
0.632838628721471,165.0,128.5,132.1,175.1,8.1,1005.8,746.6,28
0.200053301587621,178.0,129.8,118.6,179.9,3.6,1007.3,746.8,28
0.322167003849454,167.4,129.9,128.6,175.5,7.8,1006.3,746.6,28
-0.127379027516413,172.4,13.6,172.4,156.8,4.1,1006.3,856.4,28
0.142588029934994,173.5,50.1,173.5,164.8,6.5,1006.2,793.5,28
0.334737532023466,167.0,75.4,167.0,164.0,7.9,1007.3,770.1,28
0.119242763326114,173.8,93.4,159.9,172.3,9.7,1007.2,746.6,28
-0.656538403984357,190.3,0.0,125.2,166.6,9.9,1079.0,798.9,28
-0.514671014591933,250.0,0.0,95.7,191.8,5.3,948.9,857.2,28
0.528084227271369,213.5,0.0,174.2,159.2,11.7,1043.6,771.9,28
0.0869185480215107,194.7,0.0,100.5,170.2,7.5,998.0,901.8,28
-0.152520083864437,251.4,0.0,118.3,192.9,5.8,1043.6,754.3,28
0.0444181908617549,165.0,0.0,143.6,163.8,0.0,1005.6,900.9,56
1.07160992165247,165.0,128.5,132.1,175.1,8.1,1005.8,746.6,56
0.764529876258743,178.0,129.8,118.6,179.9,3.6,1007.3,746.8,56
0.951890605709497,167.4,129.9,128.6,175.5,7.8,1006.3,746.6,56
0.0019178337019991,172.4,13.6,172.4,156.8,4.1,1006.3,856.4,56
1.07460290455105,173.5,50.1,173.5,164.8,6.5,1006.2,793.5,56
1.05604641057988,167.0,75.4,167.0,164.0,7.9,1007.3,770.1,56
0.788473739447337,173.8,93.4,159.9,172.3,9.7,1007.2,746.6,56
-0.245302553720242,190.3,0.0,125.2,166.6,9.9,1079.0,798.9,56
0.228785937413935,250.0,0.0,95.7,191.8,5.3,948.9,857.2,56
0.924355163042613,213.5,0.0,174.2,159.2,11.7,1043.6,771.9,56
0.453259654807011,194.7,0.0,100.5,170.2,7.5,998.0,901.8,56
0.206637863964485,251.4,0.0,118.3,192.9,5.8,1043.6,754.3,56
0.128221712021837,165.0,0.0,143.6,163.8,0.0,1005.6,900.9,100
1.1494274770154,165.0,128.5,132.1,175.1,8.1,1005.8,746.6,100
0.848333397418824,178.0,129.8,118.6,179.9,3.6,1007.3,746.8,100
1.06801834217418,167.4,129.9,128.6,175.5,7.8,1006.3,746.6,100
0.11146100778982,172.4,13.6,172.4,156.8,4.1,1006.3,856.4,100
1.21168152130575,173.5,50.1,173.5,164.8,6.5,1006.2,793.5,100
1.25657626478437,167.0,75.4,167.0,164.0,7.9,1007.3,770.1,100
0.905200072491737,173.8,93.4,159.9,172.3,9.7,1007.2,746.6,100
-0.135160783052706,190.3,0.0,125.2,166.6,9.9,1079.0,798.9,100
0.319772617530594,250.0,0.0,95.7,191.8,5.3,948.9,857.2,100
1.02611658159414,213.5,0.0,174.2,159.2,11.7,1043.6,771.9,100
0.506534750401634,194.7,0.0,100.5,170.2,7.5,998.0,901.8,100
0.259314362979393,251.4,0.0,118.3,192.9,5.8,1043.6,754.3,100
1.26974538953809,446.0,24.0,79.0,162.0,11.6,967.0,712.0,28
0.514915102517642,446.0,24.0,79.0,162.0,11.6,967.0,712.0,28
0.909988845129456,446.0,24.0,79.0,162.0,11.6,967.0,712.0,28
1.05185623452188,446.0,24.0,79.0,162.0,10.3,967.0,712.0,28
-0.0274133987040296,446.0,24.0,79.0,162.0,11.6,967.0,712.0,3
-0.646362262129204,446.0,24.0,79.0,162.0,11.6,967.0,712.0,3
-0.746327890941587,446.0,24.0,79.0,162.0,11.6,967.0,712.0,3
0.969249906521228,446.0,24.0,79.0,162.0,11.6,967.0,712.0,7
0.131813291500126,446.0,24.0,79.0,162.0,11.6,967.0,712.0,7
0.208433653703629,446.0,24.0,79.0,162.0,11.6,967.0,712.0,7
1.5115784077429,446.0,24.0,79.0,162.0,11.6,967.0,712.0,56
1.21647029394347,446.0,24.0,79.0,162.0,11.6,967.0,712.0,56
1.16319519834885,446.0,24.0,79.0,162.0,11.6,967.0,712.0,56
1.13446256252253,446.0,24.0,79.0,162.0,10.3,967.0,712.0,56
0.863298311911696,387.0,20.0,94.0,157.0,14.3,938.0,845.0,28
0.650197929533203,387.0,20.0,94.0,157.0,13.9,938.0,845.0,28
0.650197929533203,387.0,20.0,94.0,157.0,11.6,938.0,845.0,28
-0.78224368572448,387.0,20.0,94.0,157.0,14.3,938.0,845.0,3
-0.617031029723176,387.0,20.0,94.0,157.0,13.9,938.0,845.0,3
-0.0627305969072066,387.0,20.0,94.0,157.0,11.6,938.0,845.0,3
0.0611788950937713,387.0,20.0,94.0,157.0,14.3,938.0,845.0,7
0.603507396315443,387.0,20.0,94.0,157.0,13.9,938.0,845.0,7
0.350301043096053,387.0,20.0,94.0,157.0,11.6,938.0,845.0,7
1.22844222553777,387.0,20.0,94.0,157.0,14.3,938.0,845.0,56
0.727416888316421,387.0,20.0,94.0,157.0,13.9,938.0,845.0,56
1.53492367435178,387.0,20.0,94.0,157.0,11.6,938.0,845.0,56
0.491569835908762,355.0,19.0,97.0,145.0,13.1,967.0,871.0,28
1.17516712994314,355.0,19.0,97.0,145.0,12.3,967.0,871.0,28
1.18115309574029,491.0,26.0,123.0,210.0,3.9,882.0,699.0,28
1.32302048513272,491.0,26.0,123.0,201.0,3.9,822.0,699.0,28
-0.611045063926027,491.0,26.0,123.0,210.0,3.9,882.0,699.0,3
-0.13935095911071,491.0,26.0,123.0,210.0,3.9,882.0,699.0,7
1.4229861139451,491.0,26.0,123.0,210.0,3.9,882.0,699.0,56
-0.375198011518369,491.0,26.0,123.0,201.0,3.9,822.0,699.0,3
0.125827325702977,491.0,26.0,123.0,201.0,3.9,822.0,699.0,7
1.55886753754037,491.0,26.0,123.0,201.0,3.9,822.0,699.0,56
1.57024087255496,424.0,22.0,132.0,178.0,8.5,822.0,750.0,28
-0.227943252908511,424.0,22.0,132.0,178.0,8.5,882.0,750.0,3
2.1718304351684,424.0,22.0,132.0,168.0,8.9,822.0,750.0,28
0.190475756312183,424.0,22.0,132.0,178.0,8.5,822.0,750.0,7
1.78872862415088,424.0,22.0,132.0,178.0,8.5,822.0,750.0,56
-0.221957287111362,424.0,22.0,132.0,168.0,8.9,822.0,750.0,3
0.267694715095401,424.0,22.0,132.0,168.0,8.9,822.0,750.0,7
2.30711326218396,424.0,22.0,132.0,168.0,8.9,822.0,750.0,56
-0.82893421894224,202.0,11.0,141.0,206.0,1.7,942.0,801.0,28
-1.55443327355666,202.0,11.0,141.0,206.0,1.7,942.0,801.0,3
-1.2419658589455,202.0,11.0,141.0,206.0,1.7,942.0,801.0,7
-0.752313856738736,202.0,11.0,141.0,206.0,1.7,942.0,801.0,56
0.473611938517316,284.0,15.0,141.0,179.0,5.5,842.0,801.0,28
-1.34193148775788,284.0,15.0,141.0,179.0,5.5,842.0,801.0,3
-0.699637357723828,284.0,15.0,141.0,179.0,5.5,842.0,801.0,7
0.520901068314791,284.0,15.0,141.0,179.0,5.5,842.0,801.0,56
1.62351596814958,359.0,19.0,141.0,154.0,10.9,942.0,801.0,28
1.41700014814795,359.0,19.0,141.0,154.0,10.9,942.0,801.0,28
-0.640376296332056,359.0,19.0,141.0,154.0,10.9,942.0,801.0,3
-0.728968590129856,359.0,19.0,141.0,154.0,10.9,942.0,801.0,3
-0.0040681320951496,359.0,19.0,141.0,154.0,10.9,942.0,801.0,7
0.167130489703303,359.0,19.0,141.0,154.0,10.9,942.0,801.0,7
1.97130058096392,359.0,19.0,141.0,154.0,10.9,942.0,801.0,56
1.85337705476009,359.0,19.0,141.0,154.0,10.9,942.0,801.0,56
-0.716398061955844,436.0,0.0,0.0,218.0,0.0,838.4,719.7,28
-0.224351673430221,289.0,0.0,0.0,192.0,0.0,913.2,895.3,90
-1.44668588920798,289.0,0.0,0.0,192.0,0.0,913.2,895.3,3
-0.994745471523258,393.0,0.0,0.0,192.0,0.0,940.6,785.6,3
0.780093387331329,393.0,0.0,0.0,192.0,0.0,940.6,785.6,90
0.226391551095075,393.0,0.0,0.0,192.0,0.0,940.6,785.6,28
0.486182466691328,480.0,0.0,0.0,192.0,0.0,936.2,712.2,28
-0.0747025285015042,480.0,0.0,0.0,192.0,0.0,936.2,712.2,7
1.10752571643536,480.0,0.0,0.0,192.0,0.0,936.2,712.2,90
-0.683475250071526,480.0,0.0,0.0,192.0,0.0,936.2,712.2,3
-1.20904304706118,333.0,0.0,0.0,192.0,0.0,931.2,842.6,3
-0.835518781319103,255.0,0.0,0.0,192.0,0.0,889.8,945.0,90
-1.53228520010721,255.0,0.0,0.0,192.0,0.0,889.8,945.0,7
-1.2700998981921,289.0,0.0,0.0,192.0,0.0,913.2,895.3,7
-1.02168231761043,255.0,0.0,0.0,192.0,0.0,889.8,945.0,28
-0.23033763922737,333.0,0.0,0.0,192.0,0.0,931.2,842.6,28
-0.743334908043013,333.0,0.0,0.0,192.0,0.0,931.2,842.6,7
-0.613439450244887,289.0,0.0,0.0,192.0,0.0,913.2,895.3,28
0.350899639675768,333.0,0.0,0.0,192.0,0.0,931.2,842.6,90
-0.48354399244676,393.0,0.0,0.0,192.0,0.0,940.6,785.6,7
-1.65320170920961,255.0,0.0,0.0,192.0,0.0,889.8,945.0,3
-1.5682009948901,158.8,238.2,0.0,185.7,0.0,1040.6,734.3,7
-0.622418398940609,239.6,359.4,0.0,185.7,0.0,941.6,664.3,7
-1.20485287100318,238.2,158.8,0.0,185.7,0.0,1040.6,734.3,7
-0.471572060852462,181.9,272.8,0.0,185.7,0.0,1012.4,714.3,28
-0.190830264966189,193.5,290.2,0.0,185.7,0.0,998.2,704.3,28
-1.11207040114737,255.5,170.3,0.0,185.7,0.0,1026.6,724.3,7
-0.960625466479511,272.8,181.9,0.0,185.7,0.0,1012.4,714.3,7
0.216814005819637,239.6,359.4,0.0,185.7,0.0,941.6,664.3,28
-0.602664711810019,220.8,147.2,0.0,185.7,0.0,1055.0,744.3,28
-0.16389341887902,397.0,0.0,0.0,185.7,0.0,1040.6,734.3,28
-0.703228937202117,382.5,0.0,0.0,185.7,0.0,1047.8,739.3,7
-0.837913167637963,210.7,316.1,0.0,185.7,0.0,977.0,689.3,7
-0.882807911116578,158.8,238.2,0.0,185.7,0.0,1040.6,734.3,28
-1.25573358027894,295.8,0.0,0.0,185.7,0.0,1091.4,769.3,7
-0.225548866589651,255.5,170.3,0.0,185.7,0.0,1026.6,724.3,28
-1.42812939523682,203.5,135.7,0.0,185.7,0.0,1076.2,759.3,7
-0.620622609201465,397.0,0.0,0.0,185.7,0.0,1040.6,734.3,7
-0.797807196797066,381.4,0.0,0.0,185.7,0.0,1104.6,784.3,28
-0.634390330534907,295.8,0.0,0.0,185.7,0.0,1091.4,769.3,28
0.232377516892224,228.0,342.1,0.0,185.7,0.0,955.8,674.3,28
-1.36048798172904,220.8,147.2,0.0,185.7,0.0,1055.0,744.3,7
0.172517858920737,316.1,210.7,0.0,185.7,0.0,977.0,689.3,28
-1.69450487320994,135.7,203.5,0.0,185.7,0.0,1076.2,759.3,7
-1.09171811743707,238.1,0.0,0.0,185.7,0.0,1118.8,789.3,28
-0.876223348739714,339.2,0.0,0.0,185.7,0.0,1069.2,754.3,7
-1.05460512949475,135.7,203.5,0.0,185.7,0.0,1076.2,759.3,28
-1.11446478746623,193.5,290.2,0.0,185.7,0.0,998.2,704.3,7
-0.789426844681058,203.5,135.7,0.0,185.7,0.0,1076.2,759.3,28
-0.835518781319103,290.2,193.5,0.0,185.7,0.0,998.2,704.3,7
-1.40358693546851,181.9,272.8,0.0,185.7,0.0,1012.4,714.3,7
-0.603861904969449,170.3,155.5,0.0,185.7,0.0,1026.6,724.3,28
0.119242763326114,210.7,316.1,0.0,185.7,0.0,977.0,689.3,28
-0.831927201840814,228.0,342.1,0.0,185.7,0.0,955.8,674.3,7
-0.166287805197879,290.2,193.5,0.0,185.7,0.0,998.2,704.3,28
-1.27369147767039,381.4,0.0,0.0,185.7,0.0,1104.6,784.3,7
-0.533227508563094,238.2,158.8,0.0,185.7,0.0,1040.6,734.3,28
-1.66517364080391,186.2,124.1,0.0,185.7,0.0,1083.4,764.3,7
-0.234527815285374,339.2,0.0,0.0,185.7,0.0,1069.2,754.3,28
-1.52510204115063,238.1,0.0,0.0,185.7,0.0,1118.8,789.3,7
-0.960625466479511,252.5,0.0,0.0,185.7,0.0,1111.6,784.3,28
0.0970946898766632,382.5,0.0,0.0,185.7,0.0,1047.8,739.3,28
-1.45686203106314,252.5,0.0,0.0,185.7,0.0,1111.6,784.3,7
-0.681080863752667,316.1,210.7,0.0,185.7,0.0,977.0,689.3,7
-1.09052092427764,186.2,124.1,0.0,185.7,0.0,1083.4,764.3,28
-1.50175677454175,170.3,155.5,0.0,185.7,0.0,1026.6,724.3,7
-0.265654837430548,272.8,181.9,0.0,185.7,0.0,1012.4,714.3,28
-1.35270622619275,339.0,0.0,0.0,197.0,0.0,968.0,781.0,3
-0.888793876913726,339.0,0.0,0.0,197.0,0.0,968.0,781.0,7
-0.525445753026801,339.0,0.0,0.0,197.0,0.0,968.0,781.0,14
-0.226147463169366,339.0,0.0,0.0,197.0,0.0,968.0,781.0,28
-0.0387867337186119,339.0,0.0,0.0,197.0,0.0,968.0,781.0,90
0.0378336284848914,339.0,0.0,0.0,197.0,0.0,968.0,781.0,180
0.183891193935319,339.0,0.0,0.0,197.0,0.0,968.0,781.0,365
-1.75675891750029,236.0,0.0,0.0,194.0,0.0,968.0,885.0,3
-1.37545289622192,236.0,0.0,0.0,194.0,0.0,968.0,885.0,14
-1.04143600474102,236.0,0.0,0.0,194.0,0.0,968.0,885.0,28
-0.830131412101669,236.0,0.0,0.0,194.0,0.0,968.0,885.0,90
-0.701433147462972,236.0,0.0,0.0,193.0,0.0,968.0,885.0,180
-0.642770682650915,236.0,0.0,0.0,193.0,0.0,968.0,885.0,365
-0.871434576101995,277.0,0.0,0.0,191.0,0.0,968.0,856.0,14
-0.589495587056292,277.0,0.0,0.0,191.0,0.0,968.0,856.0,28
-1.46404519001972,277.0,0.0,0.0,191.0,0.0,968.0,856.0,3
-0.273436592966841,277.0,0.0,0.0,191.0,0.0,968.0,856.0,90
-0.208788162357635,277.0,0.0,0.0,191.0,0.0,968.0,856.0,180
-0.126780430936698,277.0,0.0,0.0,191.0,0.0,968.0,856.0,360
-1.58675748886126,254.0,0.0,0.0,198.0,0.0,968.0,863.0,3
-0.531431718823949,254.0,0.0,0.0,198.0,0.0,968.0,863.0,90
-0.490128554823624,254.0,0.0,0.0,198.0,0.0,968.0,863.0,180
-0.360831693605212,254.0,0.0,0.0,198.0,0.0,968.0,863.0,365
-0.079491301139223,307.0,0.0,0.0,193.0,0.0,968.0,812.0,180
0.0198757310934451,307.0,0.0,0.0,193.0,0.0,968.0,812.0,365
-1.39341079361336,307.0,0.0,0.0,193.0,0.0,968.0,812.0,3
-0.496114520620772,307.0,0.0,0.0,193.0,0.0,968.0,812.0,28
-0.173470964154458,307.0,0.0,0.0,193.0,0.0,968.0,812.0,90
-1.54605292144065,236.0,0.0,0.0,193.0,0.0,968.0,885.0,7
-1.67475118607935,200.0,0.0,0.0,180.0,0.0,1125.0,845.0,7
-1.41077009442509,200.0,0.0,0.0,180.0,0.0,1125.0,845.0,28
-1.4754185250343,225.0,0.0,0.0,181.0,0.0,1113.0,833.0,7
-1.10608443535022,225.0,0.0,0.0,181.0,0.0,1113.0,833.0,28
-1.09411250375593,325.0,0.0,0.0,184.0,0.0,1063.0,783.0,7
-0.314141160387452,325.0,0.0,0.0,184.0,0.0,1063.0,783.0,28
-1.29404376138069,275.0,0.0,0.0,183.0,0.0,1088.0,808.0,7
-0.677489284274378,275.0,0.0,0.0,183.0,0.0,1088.0,808.0,28
-1.21143743338004,300.0,0.0,0.0,184.0,0.0,1075.0,795.0,7
-0.536819088041383,300.0,0.0,0.0,184.0,0.0,1075.0,795.0,28
-0.584108217838858,375.0,0.0,0.0,186.0,0.0,1038.0,758.0,7
0.143186626514708,375.0,0.0,0.0,186.0,0.0,1038.0,758.0,28
0.471816148778172,400.0,0.0,0.0,187.0,0.0,1025.0,745.0,28
-0.339880813315191,400.0,0.0,0.0,187.0,0.0,1025.0,745.0,7
-1.38203745859878,250.0,0.0,0.0,182.0,0.0,1100.0,820.0,7
-0.894779842710875,250.0,0.0,0.0,182.0,0.0,1100.0,820.0,28
-0.930097040914052,350.0,0.0,0.0,186.0,0.0,1050.0,770.0,7
-0.0914632327335206,350.0,0.0,0.0,186.0,0.0,1050.0,770.0,28
-0.974393187812953,203.5,305.3,0.0,203.5,0.0,963.4,630.0,7
0.711853377243834,250.2,166.8,0.0,203.5,0.0,977.6,694.1,90
0.452661058227296,157.0,236.0,0.0,192.0,0.0,935.4,781.2,90
-0.354845727808063,141.3,212.0,0.0,203.5,0.0,971.8,748.5,28
-1.73101926457255,166.8,250.2,0.0,203.5,0.0,975.6,692.6,3
-0.157308856502156,122.6,183.9,0.0,203.5,0.0,958.2,800.1,90
-1.85073858051552,183.9,122.6,0.0,203.5,0.0,959.2,800.0,3
-1.87049226764611,102.0,153.0,0.0,192.0,0.0,887.0,942.0,3
-0.62002401262175,102.0,153.0,0.0,192.0,0.0,887.0,942.0,90
-0.69005981244839,122.6,183.9,0.0,203.5,0.0,958.2,800.1,28
-0.111815516443826,166.8,250.2,0.0,203.5,0.0,975.6,692.6,28
-1.46105220712114,200.0,133.0,0.0,192.0,0.0,965.4,806.2,3
-0.911540546942891,108.3,162.4,0.0,203.5,0.0,938.2,849.0,28
-0.594284359694011,305.3,203.5,0.0,203.5,0.0,965.4,631.0,7
-0.394353102069244,108.3,162.4,0.0,203.5,0.0,938.2,849.0,90
-0.287204314300283,116.0,173.0,0.0,192.0,0.0,909.8,891.9,90
-1.52210905825206,141.3,212.0,0.0,203.5,0.0,971.8,748.5,7
-0.129174817255558,157.0,236.0,0.0,192.0,0.0,935.4,781.2,28
-0.475762236910467,133.0,200.0,0.0,192.0,0.0,927.4,839.2,28
-0.985766522827535,250.2,166.8,0.0,203.5,0.0,977.6,694.1,7
-1.46224940028057,173.0,116.0,0.0,192.0,0.0,946.8,856.8,7
-1.37844587912049,192.0,288.0,0.0,192.0,0.0,929.8,716.1,3
0.209630846863059,192.0,288.0,0.0,192.0,0.0,929.8,716.1,28
-1.8579217394721,153.0,102.0,0.0,192.0,0.0,888.0,943.1,3
-1.17971181465515,288.0,192.0,0.0,192.0,0.0,932.0,717.8,3
0.452661058227296,305.3,203.5,0.0,203.5,0.0,965.4,631.0,28
-0.921716688798044,236.0,157.0,0.0,192.0,0.0,972.6,749.1,7
-1.72862487825369,173.0,116.0,0.0,192.0,0.0,946.8,856.8,3
-1.24436024526436,212.0,141.3,0.0,203.5,0.0,973.4,750.0,7
-1.33175534590273,236.0,157.0,0.0,192.0,0.0,972.6,749.1,3
-0.196816230763337,183.9,122.6,0.0,203.5,0.0,959.2,800.0,90
-1.20126129152489,166.8,250.2,0.0,203.5,0.0,975.6,692.6,7
-1.68432873135479,102.0,153.0,0.0,192.0,0.0,887.0,942.0,7
0.178503824717885,288.0,192.0,0.0,192.0,0.0,932.0,717.8,28
-0.168682191516739,212.0,141.3,0.0,203.5,0.0,973.4,750.0,28
-1.10967601482851,102.0,153.0,0.0,192.0,0.0,887.0,942.0,28
-0.690658409028105,173.0,116.0,0.0,192.0,0.0,946.8,856.8,28
-0.704426130361547,183.9,122.6,0.0,203.5,0.0,959.2,800.0,28
0.0462139806008996,133.0,200.0,0.0,192.0,0.0,927.4,839.2,90
0.892629544317724,192.0,288.0,0.0,192.0,0.0,929.8,716.1,90
-1.3263679766853,133.0,200.0,0.0,192.0,0.0,927.4,839.2,7
-1.29763534085898,305.3,203.5,0.0,203.5,0.0,965.4,631.0,3
0.716043553301838,236.0,157.0,0.0,192.0,0.0,972.6,749.1,90
-2.00457790150224,108.3,162.4,0.0,203.5,0.0,938.2,849.0,3
-1.13302128143739,157.0,236.0,0.0,192.0,0.0,935.4,781.2,7
-0.736151749086435,288.0,192.0,0.0,192.0,0.0,932.0,717.8,7
-1.73640663378998,212.0,141.3,0.0,203.5,0.0,973.4,750.0,3
0.232377516892224,212.0,141.3,0.0,203.5,0.0,973.4,750.0,90
-1.0689714474079,153.0,102.0,0.0,192.0,0.0,888.0,943.1,28
-0.175865350473317,236.0,157.0,0.0,192.0,0.0,972.6,749.1,28
-0.806187548913074,116.0,173.0,0.0,192.0,0.0,909.8,891.9,28
-1.49816519506346,183.9,122.6,0.0,203.5,0.0,959.2,800.0,7
-1.68193434503593,108.3,162.4,0.0,203.5,0.0,938.2,849.0,7
0.350899639675768,203.5,305.3,0.0,203.5,0.0,963.4,630.0,28
-1.57179257436839,203.5,305.3,0.0,203.5,0.0,963.4,630.0,3
-1.73221645773198,133.0,200.0,0.0,192.0,0.0,927.4,839.2,3
0.880657612723427,288.0,192.0,0.0,192.0,0.0,932.0,717.8,90
-1.11626057720538,200.0,133.0,0.0,192.0,0.0,965.4,806.2,7
-0.321922915923745,200.0,133.0,0.0,192.0,0.0,965.4,806.2,28
-1.56161643251324,250.2,166.8,0.0,203.5,0.0,977.6,694.1,3
-1.94531684011047,122.6,183.9,0.0,203.5,0.0,958.2,800.1,3
-0.568544706766271,153.0,102.0,0.0,192.0,0.0,888.0,943.1,90
0.444879302691002,200.0,133.0,0.0,192.0,0.0,965.4,806.2,90
-1.76813225251487,116.0,173.0,0.0,192.0,0.0,909.8,891.9,3
-0.222555883691077,173.0,116.0,0.0,192.0,0.0,946.8,856.8,90
0.0683620540503496,250.2,166.8,0.0,203.5,0.0,977.6,694.1,28
1.12428642066738,305.3,203.5,0.0,203.5,0.0,965.4,631.0,90
-0.858265451348268,192.0,288.0,0.0,192.0,0.0,929.8,716.1,7
-1.5640108188321,157.0,236.0,0.0,192.0,0.0,935.4,781.2,3
-1.64302556735446,153.0,102.0,0.0,192.0,0.0,888.0,943.1,7
0.229983130573364,141.3,212.0,0.0,203.5,0.0,971.8,748.5,90
-1.5400669556435,116.0,173.0,0.0,192.0,0.0,909.8,891.9,7
-1.85492875657353,141.3,212.0,0.0,203.5,0.0,971.8,748.5,3
-1.52450344457092,122.6,183.9,0.0,203.5,0.0,958.2,800.1,7
0.464034393241878,166.8,250.2,0.0,203.5,0.0,975.6,692.6,90
0.960270957825505,203.5,305.3,0.0,203.5,0.0,963.4,630.0,90
-1.43471395761369,310.0,0.0,0.0,192.0,0.0,1012.0,830.0,3
-1.11207040114737,310.0,0.0,0.0,192.0,0.0,1012.0,830.0,7
-0.478156623229326,310.0,0.0,0.0,192.0,0.0,1012.0,830.0,28
-0.0034695355154348,310.0,0.0,0.0,192.0,0.0,1012.0,830.0,90
0.172517858920737,310.0,0.0,0.0,192.0,0.0,1012.0,830.0,120
-1.28745919900383,331.0,0.0,0.0,192.0,0.0,1025.0,821.0,3
-1.10009846955308,331.0,0.0,0.0,192.0,0.0,1025.0,821.0,7
-0.244105360560812,331.0,0.0,0.0,192.0,0.0,1025.0,821.0,28
0.125228729123262,331.0,0.0,0.0,192.0,0.0,1025.0,821.0,90
0.213222426341348,331.0,0.0,0.0,192.0,0.0,1025.0,821.0,120
-1.19407813256831,349.0,0.0,0.0,192.0,0.0,1056.0,809.0,3
-1.60471538625271,349.0,0.0,0.0,192.0,0.0,1056.0,809.0,7
-0.132167800154132,349.0,0.0,0.0,192.0,0.0,1056.0,809.0,28
0.289842788544851,349.0,0.0,0.0,192.0,0.0,1056.0,809.0,90
0.301814720139149,349.0,0.0,0.0,192.0,0.0,1056.0,809.0,120
-1.42274202601939,238.0,0.0,0.0,186.0,0.0,1119.0,789.0,7
-1.09411250375593,238.0,0.0,0.0,186.0,0.0,1119.0,789.0,28
-1.01210477233499,296.0,0.0,0.0,186.0,0.0,1090.0,769.0,7
-0.636784716853766,296.0,0.0,0.0,186.0,0.0,1090.0,769.0,28
-0.290795893778572,297.0,0.0,0.0,186.0,0.0,1040.0,734.0,7
0.483189483792754,480.0,0.0,0.0,192.0,0.0,936.0,721.0,28
1.1051313301165,480.0,0.0,0.0,192.0,0.0,936.0,721.0,90
0.0671648608909197,397.0,0.0,0.0,186.0,0.0,1040.0,734.0,28
-1.27608586398925,281.0,0.0,0.0,186.0,0.0,1104.0,774.0,7
-0.800800179695641,281.0,0.0,0.0,185.0,0.0,1104.0,774.0,28
-1.38742482781621,500.0,0.0,0.0,200.0,0.0,1125.0,613.0,1
-0.584108217838858,500.0,0.0,0.0,200.0,0.0,1125.0,613.0,3
-0.156111663342726,500.0,0.0,0.0,200.0,0.0,1125.0,613.0,7
0.0671648608909197,500.0,0.0,0.0,200.0,0.0,1125.0,613.0,14
0.495161415387052,500.0,0.0,0.0,200.0,0.0,1125.0,613.0,28
1.00516570130412,540.0,0.0,0.0,173.0,0.0,1125.0,613.0,7
1.43316225580025,540.0,0.0,0.0,173.0,0.0,1125.0,613.0,14
1.88510267348498,540.0,0.0,0.0,173.0,0.0,1125.0,613.0,28
2.02577286971797,540.0,0.0,0.0,173.0,0.0,1125.0,613.0,90
2.14309779934209,540.0,0.0,0.0,173.0,0.0,1125.0,613.0,180
2.29573992716938,540.0,0.0,0.0,173.0,0.0,1125.0,613.0,270
-1.05879530555275,350.0,0.0,0.0,203.0,0.0,974.0,775.0,7
-0.795412810478207,350.0,0.0,0.0,203.0,0.0,974.0,775.0,14
-0.507487855635355,350.0,0.0,0.0,203.0,0.0,974.0,775.0,28
-0.349458358590629,350.0,0.0,0.0,203.0,0.0,974.0,775.0,56
-0.267450627169692,350.0,0.0,0.0,203.0,0.0,974.0,775.0,90
-0.185442895748755,350.0,0.0,0.0,203.0,0.0,974.0,775.0,180
-1.76873084909458,385.0,0.0,0.0,186.0,0.0,966.0,763.0,1
-1.26411393239495,385.0,0.0,0.0,186.0,0.0,966.0,763.0,3
-0.754109646477881,385.0,0.0,0.0,186.0,0.0,966.0,763.0,7
-0.472769254011892,385.0,0.0,0.0,186.0,0.0,966.0,763.0,14
-0.267450627169692,385.0,0.0,0.0,186.0,0.0,966.0,763.0,28
0.190475756312183,331.0,0.0,0.0,192.0,0.0,978.0,825.0,180
0.324561390168314,331.0,0.0,0.0,192.0,0.0,978.0,825.0,360
-1.24675463158322,349.0,0.0,0.0,192.0,0.0,1047.0,806.0,3
-1.3347483288013,331.0,0.0,0.0,192.0,0.0,978.0,825.0,3
-0.707419113260121,382.0,0.0,0.0,186.0,0.0,1047.0,739.0,7
0.0958974967172336,382.0,0.0,0.0,186.0,0.0,1047.0,739.0,28
-1.45746062764285,382.0,0.0,0.0,186.0,0.0,1111.0,784.0,7
-0.800800179695641,281.0,0.0,0.0,186.0,0.0,1104.0,774.0,28
-0.877420541899144,339.0,0.0,0.0,185.0,0.0,1069.0,754.0,7
-0.238119394763664,339.0,0.0,0.0,185.0,0.0,1069.0,754.0,28
-1.2581279665978,295.0,0.0,0.0,185.0,0.0,1069.0,769.0,7
-0.636784716853766,295.0,0.0,0.0,185.0,0.0,1069.0,769.0,28
-1.09411250375593,238.0,0.0,0.0,185.0,0.0,1118.0,789.0,28
-1.29404376138069,296.0,0.0,0.0,192.0,0.0,1085.0,765.0,7
-0.848089309493115,296.0,0.0,0.0,192.0,0.0,1085.0,765.0,28
-0.384775556793806,296.0,0.0,0.0,192.0,0.0,1085.0,765.0,90
-1.3347483288013,331.0,0.0,0.0,192.0,0.0,879.0,825.0,3
-1.17073286595943,331.0,0.0,0.0,192.0,0.0,978.0,825.0,7
-0.261464661372543,331.0,0.0,0.0,192.0,0.0,978.0,825.0,28
0.0845241617026508,331.0,0.0,0.0,192.0,0.0,978.0,825.0,90
-1.05879530555275,349.0,0.0,0.0,192.0,0.0,1047.0,806.0,7
-0.185442895748755,349.0,0.0,0.0,192.0,0.0,1047.0,806.0,28
0.219806988718212,349.0,0.0,0.0,192.0,0.0,1047.0,806.0,90
0.313188055153731,349.0,0.0,0.0,192.0,0.0,1047.0,806.0,180
0.377836485762937,349.0,0.0,0.0,192.0,0.0,1047.0,806.0,360
-1.05879530555275,302.0,0.0,0.0,203.0,0.0,974.0,817.0,14
-0.543403650418247,302.0,0.0,0.0,203.0,0.0,974.0,817.0,180
1.56245911701866,525.0,0.0,0.0,189.0,0.0,1125.0,613.0,180
0.682522144837805,500.0,0.0,0.0,200.0,0.0,1125.0,613.0,90
0.911186038288885,500.0,0.0,0.0,200.0,0.0,1125.0,613.0,180
1.15780782913141,500.0,0.0,0.0,200.0,0.0,1125.0,613.0,270
0.348505253356908,540.0,0.0,0.0,173.0,0.0,1125.0,613.0,3
-1.32337499378672,252.0,0.0,0.0,185.0,0.0,1111.0,784.0,7
-0.96541423911723,252.0,0.0,0.0,185.0,0.0,1111.0,784.0,28
-0.249492729778246,339.0,0.0,0.0,185.0,0.0,1060.0,754.0,28
-1.00013284074069,393.0,0.0,0.0,192.0,0.0,940.0,758.0,3
0.225194357935645,393.0,0.0,0.0,192.0,0.0,940.0,758.0,28
0.77650180785304,393.0,0.0,0.0,192.0,0.0,940.0,758.0,90
-0.707419113260121,382.0,0.0,0.0,185.0,0.0,1047.0,739.0,7
0.0958974967172336,382.0,0.0,0.0,185.0,0.0,1047.0,739.0,28
-1.45746062764285,252.0,0.0,0.0,186.0,0.0,1111.0,784.0,7
-0.96541423911723,252.0,0.0,0.0,185.0,0.0,1111.0,784.0,28
-1.24675463158322,310.0,0.0,0.0,192.0,0.0,970.0,850.0,7
-0.472769254011892,310.0,0.0,0.0,192.0,0.0,970.0,850.0,28
-0.0681179661246406,310.0,0.0,0.0,192.0,0.0,970.0,850.0,90
0.0905101274997996,310.0,0.0,0.0,192.0,0.0,970.0,850.0,180
0.137200660717559,310.0,0.0,0.0,192.0,0.0,970.0,850.0,360
-0.120794465139549,525.0,0.0,0.0,189.0,0.0,1125.0,613.0,3
0.395195786574668,525.0,0.0,0.0,189.0,0.0,1125.0,613.0,7
0.75315654124416,525.0,0.0,0.0,189.0,0.0,1125.0,613.0,14
1.20449836234917,525.0,0.0,0.0,189.0,0.0,1125.0,613.0,28
1.37449979098819,525.0,0.0,0.0,189.0,0.0,1125.0,613.0,90
1.87313074189068,525.0,0.0,0.0,189.0,0.0,1125.0,613.0,270
-0.900765808508024,322.0,0.0,0.0,203.0,0.0,974.0,800.0,14
-0.636784716853766,322.0,0.0,0.0,203.0,0.0,974.0,800.0,28
-0.372803625199509,322.0,0.0,0.0,203.0,0.0,974.0,800.0,180
-0.842103343695967,302.0,0.0,0.0,203.0,0.0,974.0,817.0,28
0.195863125529617,397.0,0.0,0.0,185.0,0.0,1040.0,734.0,28
-0.684073846651241,480.0,0.0,0.0,192.0,0.0,936.0,721.0,3
0.879460419563997,522.0,0.0,0.0,146.0,0.0,896.0,896.0,7
2.344824846706,522.0,0.0,0.0,146.0,0.0,896.0,896.0,28
0.0809325822243619,273.0,105.0,82.0,210.0,9.0,904.0,680.0,28
-0.123188851458409,162.0,190.0,148.0,179.0,19.0,838.0,741.0,28
-1.15636654804627,154.0,144.0,112.0,220.0,10.0,923.0,658.0,28
-0.947456341725784,147.0,115.0,89.0,202.0,9.0,860.0,829.0,28
0.0318476626877426,152.0,178.0,139.0,168.0,18.0,944.0,695.0,28
-0.127379027516413,310.0,143.0,111.0,168.0,22.0,914.0,651.0,28
-1.22101497865548,144.0,0.0,175.0,158.0,18.0,943.0,844.0,28
-0.143541135168714,304.0,140.0,0.0,214.0,6.0,895.0,722.0,28
0.193468739210757,374.0,0.0,0.0,190.0,7.0,1013.0,730.0,28
-0.487135571925049,159.0,149.0,116.0,175.0,15.0,953.0,720.0,28
-0.536220491461669,153.0,239.0,0.0,200.0,6.0,1002.0,684.0,28
0.56759160153255,310.0,143.0,0.0,168.0,10.0,914.0,804.0,28
-0.341078006474621,305.0,0.0,100.0,196.0,10.0,959.0,705.0,28
-1.21203602995976,151.0,0.0,184.0,167.0,12.0,991.0,772.0,28
0.526288437532225,142.0,167.0,130.0,174.0,11.0,883.0,785.0,28
1.05963799005817,298.0,137.0,107.0,201.0,6.0,878.0,655.0,28
1.28052012797296,321.0,164.0,0.0,190.0,5.0,870.0,774.0,28
1.8012991523249,366.0,187.0,0.0,191.0,7.0,824.0,757.0,28
1.01773622947813,280.0,129.0,100.0,172.0,9.0,825.0,805.0,28
-0.144738328328144,252.0,97.0,76.0,194.0,8.0,835.0,821.0,28
-1.0647812713499,165.0,0.0,150.0,182.0,12.0,1023.0,729.0,28
0.0923059172389443,156.0,243.0,0.0,180.0,11.0,1022.0,698.0,28
-0.178259736792176,160.0,188.0,146.0,203.0,11.0,829.0,710.0,28
0.408364911328395,298.0,0.0,107.0,186.0,6.0,879.0,815.0,28
0.253926993761959,318.0,0.0,126.0,210.0,6.0,861.0,737.0,28
0.366463150748354,287.0,121.0,94.0,188.0,9.0,904.0,696.0,28
1.52115595301834,326.0,166.0,0.0,174.0,9.0,882.0,790.0,28
0.302413316718863,356.0,0.0,142.0,193.0,11.0,801.0,778.0,28
-0.150724294125293,132.0,207.0,161.0,179.0,5.0,867.0,736.0,28
0.993792366289538,322.0,149.0,0.0,186.0,8.0,951.0,709.0,28
-1.24076866578607,164.0,0.0,200.0,181.0,13.0,849.0,846.0,28
0.15815154100758,314.0,0.0,113.0,170.0,10.0,925.0,783.0,28
0.0863199514417955,321.0,0.0,128.0,182.0,11.0,870.0,780.0,28
-0.035195154240323,140.0,164.0,128.0,237.0,6.0,869.0,656.0,28
0.377836485762937,288.0,121.0,0.0,177.0,7.0,908.0,829.0,28
-0.236323605024519,298.0,0.0,107.0,210.0,11.0,880.0,744.0,28
0.34251928755976,265.0,111.0,86.0,195.0,6.0,833.0,790.0,28
0.217412602399352,160.0,250.0,0.0,168.0,12.0,1049.0,688.0,28
0.125228729123262,166.0,260.0,0.0,183.0,13.0,859.0,827.0,28
0.506534750401634,276.0,116.0,90.0,180.0,9.0,870.0,768.0,28
-0.277626769024845,322.0,0.0,116.0,196.0,10.0,818.0,813.0,28
-0.725975607231282,149.0,139.0,109.0,193.0,6.0,892.0,780.0,28
-0.183048509429896,159.0,187.0,0.0,176.0,11.0,990.0,789.0,28
-0.204597986299631,261.0,100.0,78.0,201.0,9.0,864.0,761.0,28
-0.430268896852137,237.0,92.0,71.0,247.0,6.0,853.0,695.0,28
0.0587845087749115,313.0,0.0,113.0,178.0,8.0,1002.0,689.0,28
-1.04981635685703,155.0,183.0,0.0,193.0,9.0,1047.0,697.0,28
-0.165090612038449,146.0,230.0,0.0,202.0,3.0,827.0,872.0,28
-0.263260451111688,296.0,0.0,107.0,221.0,11.0,819.0,778.0,28
-0.286605717720568,133.0,210.0,0.0,196.0,3.0,949.0,795.0,28
0.513119312778498,313.0,145.0,0.0,178.0,8.0,867.0,824.0,28
-1.4149602704831,152.0,0.0,112.0,184.0,8.0,992.0,816.0,28
-0.614038046824602,153.0,145.0,113.0,178.0,8.0,1002.0,689.0,28
0.0372350319051762,140.0,133.0,103.0,200.0,7.0,916.0,753.0,28
-0.171076577835598,149.0,236.0,0.0,176.0,13.0,847.0,893.0,28
-0.716996658535559,300.0,0.0,120.0,212.0,10.0,878.0,728.0,28
-0.573932075983705,153.0,145.0,113.0,178.0,8.0,867.0,824.0,28
-1.06957004398762,148.0,0.0,137.0,158.0,16.0,1002.0,830.0,28
0.291039981704281,326.0,0.0,138.0,199.0,11.0,801.0,792.0,28
-1.00611880653784,153.0,145.0,0.0,178.0,8.0,1000.0,822.0,28
-0.125583237777268,262.0,111.0,86.0,195.0,5.0,895.0,733.0,28
-1.63284942549931,158.0,0.0,195.0,220.0,11.0,898.0,713.0,28
-1.33833990827959,151.0,0.0,185.0,167.0,16.0,1074.0,678.0,28
-0.214175531575069,273.0,0.0,90.0,199.0,11.0,931.0,762.0,28
-0.736151749086435,149.0,118.0,92.0,183.0,7.0,953.0,780.0,28
-0.365021869663216,143.0,169.0,143.0,191.0,8.0,967.0,643.0,28
0.835164272665097,260.0,101.0,78.0,171.0,10.0,936.0,763.0,28
0.994989559448967,313.0,161.0,0.0,178.0,10.0,917.0,759.0,28
0.306004896197153,284.0,120.0,0.0,168.0,7.0,970.0,794.0,28
0.541253352025096,336.0,0.0,0.0,182.0,3.0,986.0,817.0,28
-1.35390341935218,145.0,0.0,134.0,181.0,11.0,979.0,812.0,28
0.0964960932969484,150.0,237.0,0.0,174.0,12.0,1069.0,675.0,28
-0.356042920967493,144.0,170.0,133.0,192.0,8.0,814.0,805.0,28
1.24460433319007,331.0,170.0,0.0,195.0,8.0,811.0,802.0,28
-1.39819956625108,155.0,0.0,143.0,193.0,9.0,1047.0,697.0,28
-0.719989641434133,155.0,183.0,0.0,193.0,9.0,877.0,868.0,28
-1.34851605013475,135.0,0.0,166.0,180.0,10.0,961.0,805.0,28
0.215616812660208,266.0,112.0,87.0,178.0,10.0,910.0,745.0,28
0.623261083446033,314.0,145.0,113.0,179.0,8.0,869.0,690.0,28
0.520901068314791,313.0,145.0,0.0,127.0,8.0,1000.0,822.0,28
-0.722982624332708,146.0,173.0,0.0,182.0,3.0,986.0,817.0,28
-0.579319445201139,144.0,136.0,106.0,178.0,7.0,941.0,774.0,28
-1.21502901285833,148.0,0.0,182.0,181.0,15.0,839.0,884.0,28
0.464034393241878,277.0,117.0,91.0,191.0,7.0,946.0,666.0,28
0.0025164302817139,298.0,0.0,107.0,164.0,13.0,953.0,784.0,28
0.313188055153731,313.0,145.0,0.0,178.0,8.0,1002.0,689.0,28
-0.408719419982401,155.0,184.0,143.0,194.0,9.0,880.0,699.0,28
0.623859680025748,289.0,134.0,0.0,195.0,6.0,924.0,760.0,28
-0.532628911983379,148.0,175.0,0.0,171.0,2.0,1000.0,828.0,28
-1.51313010955634,145.0,0.0,179.0,202.0,8.0,824.0,869.0,28
-0.641573489491485,313.0,0.0,0.0,178.0,8.0,1000.0,822.0,28
-0.403930647344682,136.0,162.0,126.0,172.0,10.0,923.0,764.0,28
-1.56101783593352,155.0,0.0,143.0,193.0,9.0,877.0,868.0,28
-0.120794465139549,255.0,99.0,77.0,189.0,6.0,919.0,749.0,28
0.240757869008232,162.0,207.0,172.0,216.0,10.0,822.0,638.0,28
-0.529635929084805,136.0,196.0,98.0,199.0,6.0,847.0,783.0,28
-0.514072418012218,164.0,163.0,128.0,197.0,8.0,961.0,641.0,28
-0.309352387749733,162.0,214.0,164.0,202.0,10.0,820.0,680.0,28
-0.165689208618164,157.0,214.0,152.0,200.0,9.0,819.0,704.0,28
-0.672700511636659,149.0,153.0,194.0,192.0,8.0,935.0,623.0,28
-0.832525798420529,135.0,105.0,193.0,196.0,6.0,965.0,643.0,28
-0.295584666416291,159.0,209.0,161.0,201.0,7.0,848.0,669.0,28
-1.2258037512932,144.0,15.0,195.0,176.0,6.0,1021.0,709.0,28
-0.687066829549815,154.0,174.0,185.0,228.0,7.0,845.0,612.0,28
-0.714003675636985,167.0,187.0,195.0,185.0,7.0,898.0,636.0,28
-0.771468947289612,184.0,86.0,190.0,213.0,6.0,923.0,623.0,28
-0.383578363634377,156.0,178.0,187.0,221.0,7.0,854.0,614.0,28
-0.430268896852137,236.9,91.7,71.5,246.9,6.0,852.9,695.4,28
0.0587845087749115,313.3,0.0,113.0,178.5,8.0,1001.9,688.7,28
-1.04921776027731,154.8,183.4,0.0,193.3,9.1,1047.4,696.7,28
-0.185442895748755,145.9,230.5,0.0,202.5,3.4,827.0,871.8,28
-0.263260451111688,296.0,0.0,106.7,221.4,10.5,819.2,778.4,28
-0.411712402880976,133.1,210.2,0.0,195.7,3.1,949.4,795.3,28
0.306004896197153,313.3,145.0,0.0,178.5,8.0,867.2,824.0,28
-1.4149602704831,151.6,0.0,111.9,184.4,7.9,992.0,815.9,28
-0.614038046824602,153.1,145.0,113.0,178.5,8.0,1001.9,688.7,28
0.0372350319051762,139.9,132.6,103.3,200.3,7.4,916.0,753.4,28
-0.171076577835598,149.5,236.0,0.0,175.8,12.6,846.8,892.7,28
-0.716996658535559,299.8,0.0,119.8,211.5,9.9,878.2,727.6,28
-0.573932075983705,153.1,145.0,113.0,178.5,8.0,867.2,824.0,28
-1.0689714474079,148.1,0.0,136.6,158.1,16.1,1001.8,830.1,28
0.168327682862733,326.5,0.0,137.9,199.0,10.8,801.1,792.5,28
-1.00611880653784,152.7,144.7,0.0,178.1,8.0,999.7,822.2,28
-0.125583237777268,261.9,110.5,86.1,195.4,5.0,895.2,732.6,28
-1.63284942549931,158.4,0.0,194.9,219.7,11.0,897.7,712.9,28
-1.33833990827959,150.7,0.0,185.3,166.7,15.6,1074.5,678.0,28
-0.213576934995354,272.6,0.0,89.6,198.7,10.6,931.3,762.2,28
-0.736151749086435,149.0,117.6,91.7,182.9,7.1,953.4,780.3,28
-0.364423273083501,143.0,169.4,142.7,190.7,8.4,967.4,643.5,28
0.835164272665097,259.9,100.6,78.4,170.6,10.4,935.7,762.9,28
0.995588156028682,312.9,160.5,0.0,177.6,9.6,916.6,759.5,28
0.306004896197153,284.0,119.7,0.0,168.3,7.2,970.4,794.2,28
0.541851948604811,336.5,0.0,0.0,181.9,3.4,985.8,816.8,28
-1.35390341935218,144.8,0.0,133.6,180.8,11.1,979.5,811.5,28
0.0964960932969484,150.0,236.8,0.0,173.8,11.9,1069.3,674.8,28
-0.356042920967493,143.7,170.2,132.6,191.6,8.5,814.1,805.3,28
1.24520292976978,330.5,169.6,0.0,194.9,8.1,811.0,802.3,28
-1.39819956625108,154.8,0.0,142.8,193.3,9.1,1047.4,696.7,28
-0.719989641434133,154.8,183.4,0.0,193.3,9.1,877.2,867.7,28
-1.34851605013475,134.7,0.0,165.7,180.2,10.0,961.0,804.9,28
0.215616812660208,266.2,112.3,87.5,177.9,10.4,909.7,744.5,28
0.623261083446033,314.0,145.3,113.2,178.9,8.0,869.1,690.2,28
0.520901068314791,312.7,144.7,0.0,127.3,8.0,999.7,822.2,28
-0.722982624332708,145.7,172.6,0.0,181.9,3.4,985.8,816.8,28
-0.578720848621424,143.8,136.3,106.2,178.1,7.5,941.5,774.3,28
-1.21443041627862,148.1,0.0,182.1,181.4,15.0,838.9,884.3,28
0.464632989821593,277.0,116.8,91.0,190.6,7.0,946.5,665.6,28
0.0031150268614286,298.1,0.0,107.5,163.6,12.8,953.2,784.0,28
0.313188055153731,313.3,145.0,0.0,178.5,8.0,1001.9,688.7,28
-0.408719419982401,155.2,183.9,143.2,193.8,9.2,879.6,698.5,28
0.624458276605463,289.0,133.7,0.0,194.9,5.5,924.1,760.1,28
-0.532628911983379,147.8,175.1,0.0,171.2,2.2,1000.0,828.5,28
-1.51313010955634,145.4,0.0,178.9,201.7,7.8,824.0,868.7,28
-0.641573489491485,312.7,0.0,0.0,178.1,8.0,999.7,822.2,28
-0.403930647344682,136.4,161.6,125.8,171.6,10.4,922.6,764.4,28
-1.56101783593352,154.8,0.0,142.8,193.3,9.1,877.2,867.7,28
-0.120794465139549,255.3,98.8,77.0,188.6,6.5,919.0,749.3,28
0.0809325822243619,272.8,105.1,81.8,209.7,9.0,904.0,679.7,28
-0.123188851458409,162.0,190.1,148.1,178.8,18.8,838.1,741.4,28
-1.15636654804627,153.6,144.2,112.3,220.1,10.1,923.2,657.9,28
-0.947456341725784,146.5,114.6,89.3,201.9,8.8,860.0,829.5,28
0.0318476626877426,151.8,178.1,138.7,167.5,18.3,944.0,694.6,28
0.143785223094423,309.9,142.8,111.2,167.8,22.1,913.9,651.2,28
-1.22101497865548,143.6,0.0,174.9,158.4,17.9,942.7,844.5,28
-0.143541135168714,303.6,139.9,0.0,213.5,6.2,895.5,722.5,28
0.194067335790472,374.3,0.0,0.0,190.2,6.7,1013.2,730.4,28
-0.487135571925049,158.6,148.9,116.0,175.1,15.0,953.3,719.7,28
-0.536220491461669,152.6,238.7,0.0,200.0,6.3,1001.8,683.9,28
0.56759160153255,310.0,142.8,0.0,167.9,10.0,914.3,804.0,28
-0.341078006474621,304.8,0.0,99.6,196.0,9.8,959.4,705.2,28
-1.21203602995976,150.9,0.0,183.9,166.6,11.6,991.2,772.2,28
0.526288437532225,141.9,166.6,129.7,173.5,10.9,882.6,785.3,28
1.05963799005817,297.8,137.2,106.9,201.3,6.0,878.4,655.3,28
1.28111872455267,321.3,164.2,0.0,190.5,4.6,870.0,774.0,28
1.8012991523249,366.0,187.0,0.0,191.3,6.6,824.3,756.9,28
1.01833482605785,279.8,128.9,100.4,172.4,9.5,825.1,804.9,28
-0.144738328328144,252.1,97.1,75.6,193.8,8.3,835.5,821.4,28
-1.0647812713499,164.6,0.0,150.4,181.6,11.7,1023.3,728.9,28
0.0923059172389443,155.6,243.5,0.0,180.3,10.7,1022.0,697.7,28
-0.0304063816026037,160.2,188.0,146.4,203.2,11.3,828.7,709.7,28
0.408364911328395,298.1,0.0,107.0,186.4,6.1,879.0,815.2,28
0.253926993761959,317.9,0.0,126.5,209.7,5.7,860.5,736.6,28
0.47780211457532,287.3,120.5,93.9,187.6,9.2,904.4,695.9,28
1.52175454959805,325.6,166.4,0.0,174.0,8.9,881.6,790.0,28
0.302413316718863,355.9,0.0,141.6,193.3,11.0,801.4,778.4,28
-0.150125697545578,132.0,206.5,160.9,178.9,5.5,866.9,735.6,28
0.994390962869252,322.5,148.6,0.0,185.8,8.5,951.0,709.5,28
-1.24076866578607,164.2,0.0,200.1,181.2,12.6,849.3,846.0,28
0.15815154100758,313.8,0.0,112.6,169.9,10.1,925.3,782.9,28
0.0869185480215107,321.4,0.0,127.9,182.5,11.5,870.1,779.7,28
-0.035195154240323,139.7,163.9,127.7,236.7,5.8,868.6,655.6,28
0.378435082342652,288.4,121.0,0.0,177.4,7.0,907.9,829.5,28
-0.235725008444804,298.2,0.0,107.0,209.7,11.1,879.6,744.2,28
0.34251928755976,264.5,111.0,86.5,195.5,5.9,832.6,790.4,28
0.218011198979067,159.8,250.0,0.0,168.4,12.2,1049.3,688.2,28
0.125827325702977,166.0,259.7,0.0,183.2,12.7,858.8,826.8,28
0.506534750401634,276.4,116.0,90.3,179.6,8.9,870.1,768.3,28
-0.277626769024845,322.2,0.0,115.6,196.0,10.4,817.9,813.4,28
-0.725377010651567,148.5,139.4,108.6,192.7,6.1,892.4,780.0,28
-0.18244991285018,159.1,186.7,0.0,175.6,11.3,989.6,788.9,28
-0.204597986299631,260.9,100.5,78.3,200.6,8.6,864.5,761.5,28
